股票名稱,持股(千股),比例,增減,ETF_Id
台積電,"314,790.00",56.57,+0.45%,0050
聯發科,"19,346.00",4.53,-0.61%,0050
鴻海,"155,910.00",4.52,+0.19%,0050
台達電,"28,200.00",1.96,+0.11%,0050
廣達,"34,684.00",1.75,+0.12%,0050
中信金,"213,395.00",1.62,-0.03%,0050
富邦金,"106,132.00",1.57,-0.19%,0050
聯電,"154,235.00",1.34,-0.03%,0050
國泰金,"120,577.00",1.34,-0.04%,0050
中華電,"49,862.00",1.20,-0.06%,0050
兆豐金,"153,354.00",1.13,-0.01%,0050
玉山金,"198,627.00",1.10,0.00%,0050
華碩,"9,298.00",1.08,+0.02%,0050
日月光投控,"42,112.00",1.08,-0.04%,0050
統一,"62,868.00",0.93,-0.01%,0050
智邦,"6,573.00",0.91,+0.15%,0050
元大金,"149,328.00",0.87,-0.04%,0050
緯創,"35,565.00",0.77,+0.06%,0050
聯詠,"7,508.00",0.72,-0.04%,0050
第一金,"137,260.00",0.69,0.00%,0050
永豐金,"154,747.00",0.66,+0.02%,0050
凱基金,"205,286.00",0.66,-0.01%,0050
長榮,"14,085.00",0.64,+0.07%,0050
瑞昱,"6,167.00",0.62,-0.02%,0050
緯穎,"1,356.00",0.61,+0.10%,0050
合庫金,"132,282.00",0.59,-0.04%,0050
華南金,"118,668.00",0.58,-0.05%,0050
國巨,"6,259.00",0.57,+0.01%,0050
中鋼,"147,125.00",0.54,-0.06%,0050
大立光,"1,232.00",0.53,-0.02%,0050
光寶科,"28,098.00",0.53,0.00%,0050
世芯-KY,996.00,0.52,+0.10%,0050
和泰車,"4,217.00",0.50,-0.02%,0050
台新金,"153,742.00",0.49,-0.01%,0050
奇鋐,"4,166.00",0.48,+0.10%,0050
台泥,"86,169.00",0.47,-0.04%,0050
中租-KY,"19,487.00",0.44,0.00%,0050
上海商銀,"48,550.00",0.42,-0.03%,0050
和碩,"26,937.00",0.42,-0.01%,0050
台灣大,"19,353.00",0.41,-0.02%,0050
研華,"5,979.00",0.38,-0.02%,0050
萬海,"18,435.00",0.37,+0.07%,0050
遠傳,"23,017.00",0.37,-0.02%,0050
南亞,"67,614.00",0.36,-0.05%,0050
陽明,"22,984.00",0.34,+0.03%,0050
欣興,"16,752.00",0.33,+0.02%,0050
統一超,"6,739.00",0.32,-0.03%,0050
藥華藥,"3,336.00",0.31,-0.03%,0050
台塑,"48,072.00",0.31,-0.02%,0050
台塑化,"18,409.00",0.13,+0.01%,0050
台光電,81.00,3.23,+0.68%,0051
新光金,"4,463.00",2.85,-0.11%,0051
技嘉,138.00,2.02,+0.24%,0051
健策,28.00,1.99,+0.43%,0051
致茂,106.00,1.89,+0.14%,0051
彰銀,"1,882.00",1.82,-0.11%,0051
亞德客-KY,37.00,1.82,-0.01%,0051
川湖,17.00,1.81,+0.17%,0051
可成,162.00,1.80,-0.18%,0051
仁寶,"1,088.00",1.66,-0.02%,0051
矽力*-KY,88.00,1.63,-0.36%,0051
貿聯-KY,47.00,1.60,+0.18%,0051
英業達,689.00,1.54,-0.04%,0051
長榮航,711.00,1.54,-0.03%,0051
京元電子,298.00,1.53,+0.07%,0051
大聯大,397.00,1.48,-0.03%,0051
創意,24.00,1.46,+0.09%,0051
健鼎,129.00,1.46,+0.12%,0051
亞泥,654.00,1.45,-0.21%,0051
宏,767.00,1.41,-0.10%,0051
微星,184.00,1.39,-0.05%,0051
群光,154.00,1.38,+0.04%,0051
康霈*,29.00,1.36,+0.26%,0051
遠東新,782.00,1.36,-0.09%,0051
嘉澤,20.00,1.36,-0.02%,0051
正新,490.00,1.32,-0.05%,0051
聯強,347.00,1.31,-0.11%,0051
漢唐,44.00,1.29,+0.21%,0051
群創,"1,995.00",1.29,-0.25%,0051
旭隼,18.00,1.29,-0.23%,0051
友達,"1,880.00",1.28,-0.02%,0051
臺企銀,"1,625.00",1.27,-0.02%,0051
儒鴻,53.00,1.21,-0.03%,0051
祥碩,12.00,1.20,+0.10%,0051
台化,898.00,1.14,-0.12%,0051
金像電,82.00,1.13,+0.24%,0051
大同,502.00,1.11,-0.04%,0051
台中銀,"1,010.00",1.10,-0.03%,0051
力成,177.00,1.10,+0.02%,0051
興富發,481.00,1.02,-0.08%,0051
文曄,155.00,1.02,0.00%,0051
寶成,599.00,0.99,-0.11%,0051
華通,296.00,0.96,+0.03%,0051
鴻準,296.00,0.95,-0.03%,0051
中興電,118.00,0.95,+0.10%,0051
臻鼎-KY,170.00,0.93,-0.01%,0051
上銀,77.00,0.92,-0.04%,0051
瑞儀,116.00,0.91,-0.06%,0051
華航,767.00,0.90,-0.01%,0051
大成鋼,472.00,0.89,-0.23%,0051
東元,308.00,0.86,-0.01%,0051
東陽,124.00,0.86,-0.06%,0051
豐泰,132.00,0.85,+0.01%,0051
億豐,37.00,0.85,+0.04%,0051
華城,34.00,0.83,+0.02%,0051
華新,722.00,0.83,-0.01%,0051
台灣高鐵,557.00,0.81,-0.04%,0051
聚陽,55.00,0.80,-0.10%,0051
聯華,329.00,0.79,-0.02%,0051
華邦電,832.00,0.78,+0.04%,0051
神達,243.00,0.77,+0.05%,0051
南亞科,311.00,0.75,+0.12%,0051
士電,75.00,0.71,+0.11%,0051
信邦,57.00,0.70,-0.01%,0051
力積電,840.00,0.69,+0.02%,0051
保瑞,16.00,0.67,+0.01%,0051
京城銀,252.00,0.67,-0.01%,0051
神基,104.00,0.67,+0.04%,0051
潤泰新,417.00,0.66,-0.11%,0051
啟,95.00,0.62,-0.07%,0051
三陽工業,161.00,0.60,-0.03%,0051
材料*-KY,13.00,0.59,-0.02%,0051
智原,60.00,0.56,-0.05%,0051
台肥,199.00,0.55,-0.02%,0051
東和鋼鐵,158.00,0.54,-0.03%,0051
佳世達,371.00,0.53,-0.03%,0051
巨大,84.00,0.53,-0.09%,0051
愛普*,35.00,0.52,+0.05%,0051
永豐餘,347.00,0.51,0.00%,0051
玉晶光,23.00,0.47,-0.01%,0051
潤泰全,168.00,0.45,-0.07%,0051
來億-KY,28.00,0.45,-0.08%,0051
美時,35.00,0.44,+0.01%,0051
遠東銀,627.00,0.43,-0.03%,0051
裕融,68.00,0.40,-0.02%,0051
中保科,62.00,0.39,-0.01%,0051
AES-KY,6.00,0.35,+0.04%,0051
富邦媒,21.00,0.34,-0.04%,0051
南電,56.00,0.31,0.00%,0051
櫻花建,96.00,0.31,-0.02%,0051
采鈺,27.00,0.31,0.00%,0051
裕隆,154.00,0.30,-0.05%,0051
達發,11.00,0.29,-0.01%,0051
台玻,355.00,0.29,+0.01%,0051
遠雄,77.00,0.25,-0.01%,0051
愛山林,47.00,0.19,-0.03%,0051
和潤企業,52.00,0.19,-0.01%,0051
星宇航空,132.00,0.18,-0.01%,0051
台灣精銳,3.00,0.13,+0.02%,0051
台積電,"9,725.00",65.99,+0.11%,0052
聯發科,598.00,5.29,-0.75%,0052
鴻海,"4,823.00",5.28,+0.18%,0052
廣達,"1,076.00",2.05,+0.14%,0052
聯電,"4,755.00",1.56,-0.04%,0052
日月光投控,"1,301.00",1.26,-0.06%,0052
華碩,285.00,1.25,+0.01%,0052
緯創,"1,101.00",0.90,+0.07%,0052
聯詠,232.00,0.84,-0.06%,0052
瑞昱,192.00,0.73,-0.02%,0052
緯穎,41.00,0.70,+0.10%,0052
國巨,195.00,0.67,+0.01%,0052
台光電,124.00,0.65,+0.14%,0052
光寶科,870.00,0.62,0.00%,0052
大立光,38.00,0.62,-0.03%,0052
世芯-KY,31.00,0.61,+0.11%,0052
奇鋐,129.00,0.56,+0.11%,0052
和碩,832.00,0.49,-0.01%,0052
研華,183.00,0.44,-0.03%,0052
技嘉,207.00,0.40,+0.04%,0052
欣興,524.00,0.39,+0.02%,0052
健策,41.00,0.39,+0.08%,0052
可成,244.00,0.36,-0.04%,0052
矽力*-KY,134.00,0.33,-0.07%,0052
仁寶,"1,633.00",0.33,-0.01%,0052
貿聯-KY,71.00,0.32,+0.04%,0052
京元電子,455.00,0.31,+0.02%,0052
英業達,"1,048.00",0.31,-0.01%,0052
健鼎,200.00,0.30,+0.03%,0052
大聯大,607.00,0.30,0.00%,0052
創意,35.00,0.29,+0.02%,0052
宏,"1,150.00",0.28,-0.02%,0052
嘉澤,30.00,0.28,0.00%,0052
群光,236.00,0.28,+0.01%,0052
微星,280.00,0.28,-0.01%,0052
聯強,540.00,0.27,-0.02%,0052
群創,"3,037.00",0.26,-0.05%,0052
友達,"2,883.00",0.26,0.00%,0052
金像電,126.00,0.23,+0.05%,0052
祥碩,17.00,0.23,+0.01%,0052
力成,268.00,0.22,0.00%,0052
文曄,230.00,0.20,0.00%,0052
鴻準,447.00,0.19,-0.01%,0052
臻鼎-KY,263.00,0.19,0.00%,0052
瑞儀,184.00,0.19,-0.01%,0052
華通,442.00,0.19,0.00%,0052
華邦電,"1,288.00",0.16,+0.01%,0052
神達,358.00,0.15,+0.01%,0052
南亞科,469.00,0.15,+0.02%,0052
力積電,"1,287.00",0.14,+0.01%,0052
神基,152.00,0.13,0.00%,0052
智原,89.00,0.11,-0.01%,0052
佳世達,582.00,0.11,0.00%,0052
愛普*,51.00,0.10,+0.01%,0052
玉晶光,33.00,0.09,0.00%,0052
采鈺,40.00,0.06,0.00%,0052
南電,81.00,0.06,0.00%,0052
達發,17.00,0.06,0.00%,0052
台積電,280.00,52.06,-0.05%,0053
聯發科,20.00,4.82,-0.68%,0053
鴻海,140.00,4.20,+0.14%,0053
台達電,38.00,2.74,+0.14%,0053
廣達,42.00,2.18,+0.13%,0053
中華電,84.00,2.10,-0.13%,0053
聯電,146.00,1.31,-0.04%,0053
日月光投控,48.00,1.28,-0.06%,0053
緯穎,2.00,0.99,+0.16%,0053
智邦,7.00,0.96,+0.15%,0053
華碩,8.00,0.95,+0.01%,0053
台灣大,38.00,0.83,-0.05%,0053
緯創,32.00,0.71,+0.05%,0053
聯詠,7.00,0.65,-0.04%,0053
大立光,1.00,0.60,-0.03%,0053
研華,9.00,0.57,-0.03%,0053
光寶科,28.00,0.55,0.00%,0053
川湖,1.00,0.53,+0.05%,0053
台光電,4.00,0.52,+0.11%,0053
瑞昱,5.00,0.52,-0.02%,0053
遠傳,31.00,0.51,-0.03%,0053
奇鋐,4.00,0.50,+0.10%,0053
創意,2.00,0.45,+0.03%,0053
和碩,28.00,0.45,-0.01%,0053
技嘉,8.00,0.42,+0.05%,0053
嘉澤,1.00,0.36,-0.01%,0053
國巨,4.00,0.35,0.00%,0053
欣興,16.00,0.32,+0.01%,0053
可成,8.00,0.32,-0.03%,0053
致茂,5.00,0.31,+0.03%,0053
金像電,6.00,0.30,+0.07%,0053
英業達,37.00,0.30,-0.01%,0053
健策,1.00,0.29,+0.06%,0053
南亞科,32.00,0.28,+0.04%,0053
仁寶,49.00,0.27,0.00%,0053
聯強,20.00,0.27,-0.02%,0053
貿聯-KY,2.00,0.26,+0.03%,0053
大聯大,18.00,0.25,-0.01%,0053
微星,9.00,0.25,-0.01%,0053
群光,8.00,0.25,+0.01%,0053
健鼎,6.00,0.24,+0.02%,0053
矽力*-KY,4.00,0.24,-0.06%,0053
宏,35.00,0.23,-0.01%,0053
漢唐,2.00,0.22,+0.03%,0053
祥碩,1.00,0.21,+0.02%,0053
京元電子,11.00,0.21,+0.01%,0053
臻鼎-KY,10.00,0.20,-0.01%,0053
AES-KY,1.00,0.20,+0.03%,0053
友達,81.00,0.20,0.00%,0053
聯鈞,5.00,0.19,-0.02%,0053
群創,81.00,0.19,-0.03%,0053
鴻準,15.00,0.18,-0.01%,0053
神基,8.00,0.18,+0.02%,0053
力成,8.00,0.17,0.00%,0053
文曄,7.00,0.16,0.00%,0053
華邦電,47.00,0.16,0.00%,0053
神達,14.00,0.16,+0.01%,0053
碩天,3.00,0.16,-0.02%,0053
華通,13.00,0.15,0.00%,0053
啟,6.00,0.15,-0.02%,0053
南電,7.00,0.14,0.00%,0053
精成科,8.00,0.14,+0.04%,0053
信邦,3.00,0.14,-0.01%,0053
瑞儀,5.00,0.13,-0.01%,0053
群電,5.00,0.13,+0.02%,0053
旭隼,1.00,0.13,-0.02%,0053
崇越,2.00,0.12,0.00%,0053
玉晶光,2.00,0.12,0.00%,0053
佳世達,21.00,0.11,-0.01%,0053
新日興,3.00,0.11,-0.01%,0053
牧德,1.00,0.11,+0.02%,0053
億光,7.00,0.11,0.00%,0053
亞光,4.00,0.10,-0.01%,0053
矽格,7.00,0.10,0.00%,0053
建準,5.00,0.10,+0.01%,0053
精誠,4.00,0.10,-0.01%,0053
毅嘉,13.00,0.10,0.00%,0053
智易,2.00,0.09,-0.02%,0053
創見,5.00,0.09,0.00%,0053
華泰,12.00,0.09,+0.01%,0053
長華*,10.00,0.09,0.00%,0053
愛普*,2.00,0.09,+0.01%,0053
達興材料,2.00,0.09,+0.02%,0053
智原,2.00,0.08,-0.01%,0053
研揚,3.00,0.08,0.00%,0053
威強電,5.00,0.08,-0.01%,0053
聯陽,3.00,0.08,0.00%,0053
旺宏,19.00,0.08,0.00%,0053
義隆,3.00,0.08,0.00%,0053
台表科,4.00,0.08,0.00%,0053
華新科,5.00,0.08,-0.01%,0053
日電貿,5.00,0.08,+0.01%,0053
威盛,6.00,0.08,-0.01%,0053
致新,2.00,0.08,0.00%,0053
景碩,5.00,0.08,0.00%,0053
盟立,6.00,0.07,-0.01%,0053
凌華,5.00,0.07,-0.02%,0053
瀚宇博,6.00,0.07,+0.01%,0053
力積電,24.00,0.07,0.00%,0053
京鼎,1.00,0.07,0.00%,0053
晶技,4.00,0.07,0.00%,0053
華擎,2.00,0.07,+0.01%,0053
瑞鼎,1.00,0.07,0.00%,0053
康舒,14.00,0.07,0.00%,0053
新唐,4.00,0.06,0.00%,0053
超豐,5.00,0.06,0.00%,0053
晶睿,3.00,0.06,-0.01%,0053
矽創,1.00,0.06,0.00%,0053
飛捷,3.00,0.06,-0.01%,0053
全漢,5.00,0.06,0.00%,0053
勤誠,1.00,0.06,+0.01%,0053
天鈺,1.00,0.06,0.00%,0053
神腦,10.00,0.06,-0.01%,0053
台勝科,4.00,0.06,-0.01%,0053
聯茂,4.00,0.06,+0.01%,0053
信錦,4.00,0.06,-0.01%,0053
同欣電,3.00,0.06,0.00%,0053
振樺電,1.00,0.06,+0.01%,0053
樺漢,1.00,0.06,+0.01%,0053
強茂,5.00,0.05,0.00%,0053
興勤,2.00,0.05,0.00%,0053
亞翔,1.00,0.05,0.00%,0053
友通,4.00,0.05,0.00%,0053
禾伸堂,3.00,0.05,0.00%,0053
嘉彰,7.00,0.05,0.00%,0053
廣宇,7.00,0.05,-0.01%,0053
立隆電,3.00,0.05,0.00%,0053
全新,3.00,0.05,0.00%,0053
敬鵬,8.00,0.05,0.00%,0053
精元,4.00,0.04,0.00%,0053
力智,1.00,0.04,0.00%,0053
台郡,4.00,0.04,0.00%,0053
瑞祺電通,2.00,0.04,0.00%,0053
敦吉,3.00,0.04,0.00%,0053
宏達電,5.00,0.04,-0.01%,0053
瑞軒,15.00,0.04,0.00%,0053
南茂,7.00,0.04,0.00%,0053
尼得科超眾,2.00,0.04,0.00%,0053
正文,8.00,0.04,0.00%,0053
華東,16.00,0.04,0.00%,0053
大毅,3.00,0.03,0.00%,0053
昇陽半導體,1.00,0.03,0.00%,0053
健和興,3.00,0.03,0.00%,0053
立積,1.00,0.03,-0.01%,0053
凌陽,8.00,0.03,-0.01%,0053
傳奇,2.00,0.03,-0.01%,0053
嘉聯益,13.00,0.03,0.00%,0053
富采,4.00,0.03,-0.01%,0053
晶豪科,3.00,0.03,0.00%,0053
帆宣,1.00,0.03,0.00%,0053
盛群,3.00,0.03,0.00%,0053
輔信,9.00,0.03,0.00%,0053
GIS-KY,3.00,0.03,-0.01%,0053
尖點,5.00,0.03,0.00%,0053
志超,5.00,0.03,0.00%,0053
敦陽科,1.00,0.03,0.00%,0053
順德,2.00,0.03,0.00%,0053
偉詮電,3.00,0.03,0.00%,0053
志聖,1.00,0.03,0.00%,0053
震旦行,3.00,0.03,0.00%,0053
敦泰,2.00,0.02,-0.01%,0053
德律,1.00,0.02,0.00%,0053
鼎元,6.00,0.02,0.00%,0053
美律,1.00,0.02,0.00%,0053
嘉晶,3.00,0.02,-0.01%,0053
精金,16.00,0.02,0.00%,0053
菱生,7.00,0.02,-0.01%,0053
關貿,1.00,0.02,0.00%,0053
嘉基,1.00,0.02,-0.01%,0053
華立,1.00,0.02,0.00%,0053
鉅祥,1.00,0.02,0.00%,0053
凱美,2.00,0.02,0.00%,0053
台亞,5.00,0.02,-0.01%,0053
松翰,3.00,0.02,0.00%,0053
中磊,1.00,0.02,0.00%,0053
宏齊,6.00,0.02,0.00%,0053
聯合再生,14.00,0.02,0.00%,0053
威鋒電子,1.00,0.02,0.00%,0053
益登,2.00,0.01,0.00%,0053
合勤控,2.00,0.01,0.00%,0053
揚明光,1.00,0.01,0.00%,0053
全國電,1.00,0.01,0.00%,0053
致伸,1.00,0.01,-0.01%,0053
台虹,1.00,0.01,0.00%,0053
豐藝,1.00,0.01,0.00%,0053
光罩,2.00,0.01,0.00%,0053
鎰勝,1.00,0.01,0.00%,0053
界霖,1.00,0.01,0.00%,0053
明泰,2.00,0.01,0.00%,0053
矽統,1.00,0.01,0.00%,0053
藍天,1.00,0.01,0.00%,0053
燿華,2.00,0.01,0.00%,0053
至上,1.00,0.01,0.00%,0053
華晶科,1.00,0.01,0.00%,0053
正崴,1.00,0.01,0.00%,0053
宏正,1.00,0.01,0.00%,0053
惠特,1.00,0.01,-0.01%,0053
達方,1.00,0.01,0.00%,0053
福懋科,2.00,0.01,0.00%,0053
中信金,"5,004.00",12.52,+0.21%,0055
富邦金,"2,437.00",11.88,-1.12%,0055
國泰金,"2,834.00",10.38,-0.09%,0055
兆豐金,"3,562.00",8.65,+0.24%,0055
玉山金,"4,323.00",7.89,+0.24%,0055
元大金,"3,109.00",5.97,-0.08%,0055
第一金,"3,374.00",5.59,+0.24%,0055
凱基金,"4,766.00",5.05,+0.10%,0055
合庫金,"3,197.00",4.70,-0.17%,0055
永豐金,"3,237.00",4.55,+0.24%,0055
華南金,"2,676.00",4.31,-0.18%,0055
台新金,"3,484.00",3.66,0.00%,0055
上海商銀,"1,168.00",3.33,-0.10%,0055
新光金,"4,471.00",3.30,+0.07%,0055
中租-KY,442.00,3.29,+0.92%,0055
彰銀,"1,852.00",2.07,-0.04%,0055
臺企銀,"2,070.00",1.87,+0.04%,0055
長榮,"89,360.00",4.92,+0.54%,0056
聯電,"391,358.00",4.12,-0.02%,0056
聯詠,"32,273.00",3.75,-0.22%,0056
瑞昱,"29,715.00",3.62,-0.11%,0056
華碩,"25,081.00",3.53,+0.02%,0056
中信金,"370,699.00",3.41,-0.19%,0056
台光電,"20,158.00",3.40,+0.72%,0056
華南金,"496,421.00",2.94,-0.27%,0056
陽明,"160,113.00",2.87,+0.28%,0056
長榮航,"304,386.00",2.80,+0.03%,0056
聯發科,"9,798.00",2.78,-0.47%,0056
上海商銀,"258,528.00",2.71,-0.20%,0056
兆豐金,"293,438.00",2.62,-0.06%,0056
廣達,"41,709.00",2.55,+0.14%,0056
光寶科,"110,691.00",2.53,-0.04%,0056
和碩,"132,853.00",2.51,-0.06%,0056
元大金,"341,380.00",2.41,-0.11%,0056
技嘉,"37,489.00",2.33,+0.27%,0056
正新,"201,059.00",2.30,-0.07%,0056
日月光投控,"73,048.00",2.27,-0.11%,0056
緯創,"84,241.00",2.21,+0.13%,0056
永豐金,"388,930.00",2.01,-0.01%,0056
可成,"40,813.00",1.93,-0.17%,0056
英業達,"195,963.00",1.86,-0.08%,0056
亞泥,"196,307.00",1.85,-0.35%,0056
文曄,"64,463.00",1.80,+0.01%,0056
仁寶,"259,045.00",1.68,-0.02%,0056
微星,"50,173.00",1.61,-0.07%,0056
京元電子,"72,334.00",1.58,+0.07%,0056
群光,"40,992.00",1.56,+0.06%,0056
鴻海,"42,700.00",1.50,+0.05%,0056
東元,"123,870.00",1.47,+0.03%,0056
大聯大,"90,834.00",1.44,-0.07%,0056
宏,"179,167.00",1.40,-0.09%,0056
聯強,"85,447.00",1.37,-0.07%,0056
南亞,"209,251.00",1.35,-0.17%,0056
健鼎,"26,147.00",1.26,+0.12%,0056
臻鼎-KY,"50,444.00",1.17,-0.07%,0056
大成鋼,"127,415.00",1.02,-0.26%,0056
神基,"36,184.00",0.99,+0.06%,0056
力成,"36,437.00",0.96,+0.02%,0056
聚陽,"14,320.00",0.89,-0.07%,0056
東陽,"30,286.00",0.89,-0.05%,0056
材料*-KY,"4,291.00",0.83,-0.07%,0056
瑞儀,"21,677.00",0.72,-0.05%,0056
啟,"24,912.00",0.69,-0.05%,0056
中租-KY,"23,026.00",0.63,+0.01%,0056
東和鋼鐵,"37,867.00",0.55,-0.03%,0056
裕融,"16,879.00",0.42,-0.01%,0056
興富發,"6,661.00",0.06,-0.01%,0056
台積電,109.00,51.89,+0.53%,0057
鴻海,55.00,4.24,+0.25%,0057
聯發科,7.00,4.17,-0.46%,0057
廣達,12.00,1.60,+0.15%,0057
台達電,9.00,1.58,+0.11%,0057
中信金,73.00,1.48,0.00%,0057
富邦金,36.00,1.42,-0.14%,0057
國泰金,42.00,1.24,-0.02%,0057
聯電,50.00,1.15,0.00%,0057
中華電,17.00,1.07,-0.04%,0057
兆豐金,52.00,1.02,+0.01%,0057
日月光投控,15.00,0.99,-0.02%,0057
華碩,3.00,0.96,+0.04%,0057
玉山金,63.00,0.93,+0.01%,0057
統一,21.00,0.84,0.00%,0057
智邦,2.00,0.82,+0.14%,0057
元大金,46.00,0.71,-0.02%,0057
緯創,12.00,0.70,+0.07%,0057
第一金,49.00,0.66,+0.02%,0057
聯詠,3.00,0.65,-0.03%,0057
凱基金,70.00,0.60,+0.01%,0057
緯穎,0.00,0.59,+0.11%,0057
長榮,5.00,0.58,+0.08%,0057
瑞昱,2.00,0.57,-0.01%,0057
合庫金,47.00,0.56,-0.03%,0057
永豐金,48.00,0.54,+0.02%,0057
華南金,39.00,0.51,-0.04%,0057
中鋼,52.00,0.51,-0.04%,0057
大立光,0.00,0.50,-0.01%,0057
台光電,1.00,0.48,+0.11%,0057
光寶科,9.00,0.47,+0.01%,0057
世芯-KY,0.00,0.47,+0.10%,0057
鈊象,1.00,0.46,-0.02%,0057
奇鋐,1.00,0.44,+0.09%,0057
台新金,52.00,0.44,0.00%,0057
國巨,2.00,0.44,+0.01%,0057
台泥,30.00,0.43,-0.02%,0057
台灣大,8.00,0.43,-0.04%,0057
和泰車,1.00,0.42,-0.01%,0057
中租-KY,7.00,0.40,+0.01%,0057
元太,4.00,0.40,-0.03%,0057
上海商銀,17.00,0.39,-0.02%,0057
新光金,66.00,0.39,-0.01%,0057
和碩,9.00,0.36,0.00%,0057
研華,2.00,0.35,-0.01%,0057
力旺,0.00,0.33,-0.04%,0057
遠傳,8.00,0.33,-0.01%,0057
統一超,3.00,0.32,-0.02%,0057
技嘉,2.00,0.32,+0.04%,0057
南亞,23.00,0.32,-0.04%,0057
台塑,18.00,0.31,-0.01%,0057
陽明,8.00,0.30,+0.03%,0057
欣興,6.00,0.30,+0.01%,0057
亞德客-KY,1.00,0.28,0.00%,0057
可成,3.00,0.28,-0.02%,0057
藥華藥,1.00,0.28,0.00%,0057
仁寶,18.00,0.26,0.00%,0057
英業達,12.00,0.25,0.00%,0057
矽力*-KY,1.00,0.25,-0.05%,0057
健策,0.00,0.25,+0.06%,0057
大聯大,7.00,0.24,0.00%,0057
嘉澤,0.00,0.24,0.00%,0057
長榮航,12.00,0.24,+0.01%,0057
彰銀,27.00,0.24,-0.01%,0057
臺企銀,30.00,0.22,0.00%,0057
創意,0.00,0.22,+0.02%,0057
宏,13.00,0.22,-0.01%,0057
微星,3.00,0.22,-0.01%,0057
亞泥,10.00,0.21,-0.02%,0057
遠東新,13.00,0.21,-0.01%,0057
旭隼,0.00,0.21,-0.01%,0057
正新,8.00,0.20,0.00%,0057
群創,33.00,0.20,-0.03%,0057
聯強,5.00,0.19,-0.01%,0057
世界,5.00,0.19,-0.02%,0057
環球晶,1.00,0.18,0.00%,0057
友達,28.00,0.18,0.00%,0057
儒鴻,1.00,0.18,0.00%,0057
台化,15.00,0.18,-0.02%,0057
億豐,1.00,0.17,+0.01%,0057
萬海,3.00,0.16,+0.03%,0057
寶成,10.00,0.15,-0.01%,0057
臻鼎-KY,3.00,0.15,0.00%,0057
華航,13.00,0.14,0.00%,0057
華城,1.00,0.14,0.00%,0057
豐泰,2.00,0.13,0.00%,0057
台灣高鐵,9.00,0.12,0.00%,0057
潤泰新,7.00,0.10,-0.02%,0057
台積電,454.00,51.81,+0.52%,006203
聯發科,28.00,4.20,-0.54%,006203
鴻海,227.00,4.18,+0.20%,006203
廣達,49.00,1.58,+0.11%,006203
台達電,36.00,1.58,+0.10%,006203
中信金,307.00,1.48,-0.01%,006203
富邦金,145.00,1.36,-0.22%,006203
國泰金,168.00,1.19,-0.08%,006203
聯電,206.00,1.14,-0.02%,006203
中華電,70.00,1.07,-0.05%,006203
兆豐金,218.00,1.02,0.00%,006203
日月光投控,61.00,0.99,-0.03%,006203
華碩,13.00,0.97,+0.02%,006203
玉山金,264.00,0.93,0.00%,006203
智邦,10.00,0.84,+0.13%,006203
統一,88.00,0.83,-0.01%,006203
緯創,51.00,0.70,+0.07%,006203
元大金,189.00,0.70,-0.03%,006203
第一金,207.00,0.66,+0.01%,006203
聯詠,11.00,0.66,-0.04%,006203
凱基金,294.00,0.60,0.00%,006203
緯穎,2.00,0.60,+0.10%,006203
長榮,20.00,0.59,+0.09%,006203
瑞昱,9.00,0.57,-0.01%,006203
合庫金,194.00,0.55,-0.04%,006203
永豐金,199.00,0.54,+0.02%,006203
大立光,2.00,0.51,-0.02%,006203
華南金,164.00,0.51,-0.04%,006203
世芯-KY,2.00,0.50,+0.10%,006203
中鋼,214.00,0.50,-0.05%,006203
光寶科,39.00,0.47,+0.01%,006203
鈊象,5.00,0.45,-0.02%,006203
和泰車,6.00,0.45,-0.01%,006203
奇鋐,6.00,0.44,+0.09%,006203
台光電,5.00,0.44,+0.09%,006203
台灣大,33.00,0.44,-0.03%,006203
台新金,212.00,0.43,-0.01%,006203
台泥,124.00,0.43,-0.03%,006203
上海商銀,71.00,0.39,-0.03%,006203
新光金,274.00,0.39,-0.01%,006203
元太,16.00,0.39,-0.05%,006203
國巨,7.00,0.38,0.00%,006203
中租-KY,26.00,0.37,0.00%,006203
和碩,36.00,0.36,-0.01%,006203
研華,9.00,0.35,-0.01%,006203
力旺,1.00,0.34,-0.04%,006203
遠傳,33.00,0.34,0.00%,006203
技嘉,10.00,0.33,+0.04%,006203
統一超,11.00,0.32,-0.02%,006203
欣興,24.00,0.30,+0.01%,006203
南亞,89.00,0.30,-0.03%,006203
亞德客-KY,3.00,0.30,0.00%,006203
陽明,32.00,0.30,+0.03%,006203
可成,12.00,0.29,-0.03%,006203
台塑,71.00,0.29,0.00%,006203
矽力*-KY,6.00,0.26,-0.05%,006203
藥華藥,4.00,0.26,-0.03%,006203
仁寶,76.00,0.26,0.00%,006203
大聯大,30.00,0.25,0.00%,006203
健策,2.00,0.25,+0.05%,006203
英業達,50.00,0.25,0.00%,006203
彰銀,111.00,0.24,-0.01%,006203
長榮航,50.00,0.24,0.00%,006203
嘉澤,1.00,0.23,0.00%,006203
創意,2.00,0.23,+0.02%,006203
臺企銀,126.00,0.22,0.00%,006203
宏,54.00,0.22,-0.01%,006203
微星,13.00,0.22,-0.01%,006203
遠東新,54.00,0.21,-0.01%,006203
亞泥,42.00,0.21,-0.03%,006203
聯強,24.00,0.20,0.00%,006203
正新,33.00,0.20,0.00%,006203
儒鴻,4.00,0.19,-0.01%,006203
群創,132.00,0.19,-0.03%,006203
旭隼,1.00,0.19,-0.04%,006203
世界,19.00,0.19,-0.02%,006203
環球晶,5.00,0.19,-0.01%,006203
億豐,3.00,0.17,+0.01%,006203
友達,112.00,0.17,0.00%,006203
台化,60.00,0.17,-0.02%,006203
萬海,13.00,0.16,+0.03%,006203
華城,3.00,0.15,0.00%,006203
華航,54.00,0.14,0.00%,006203
臻鼎-KY,12.00,0.14,0.00%,006203
寶成,38.00,0.14,-0.01%,006203
豐泰,9.00,0.13,0.00%,006203
台灣高鐵,37.00,0.12,0.00%,006203
潤泰新,28.00,0.10,-0.02%,006203
台積電,58.00,35.10,+0.40%,006204
聯發科,5.00,3.69,-0.47%,006204
鴻海,37.00,3.56,+0.16%,006204
富邦金,39.00,1.95,-0.23%,006204
廣達,11.00,1.92,+0.14%,006204
中華電,23.00,1.84,-0.10%,006204
台達電,8.00,1.78,+0.11%,006204
國泰金,43.00,1.61,-0.04%,006204
中信金,58.00,1.46,-0.02%,006204
聯電,41.00,1.20,-0.02%,006204
日月光投控,13.00,1.11,-0.03%,006204
兆豐金,43.00,1.05,0.00%,006204
長榮,6.00,0.95,+0.11%,006204
玉山金,47.00,0.87,0.00%,006204
華碩,2.00,0.85,+0.02%,006204
統一,17.00,0.82,-0.01%,006204
緯穎,1.00,0.77,+0.13%,006204
智邦,2.00,0.76,+0.12%,006204
元大金,38.00,0.74,-0.04%,006204
台灣大,10.00,0.73,-0.04%,006204
第一金,41.00,0.69,0.00%,006204
合庫金,45.00,0.67,-0.04%,006204
台塑化,28.00,0.66,+0.02%,006204
華南金,40.00,0.66,-0.06%,006204
和泰車,2.00,0.65,-0.01%,006204
緯創,9.00,0.62,+0.05%,006204
聯詠,2.00,0.57,-0.04%,006204
大立光,0.00,0.56,-0.02%,006204
萬海,8.00,0.55,+0.10%,006204
中鋼,45.00,0.55,-0.06%,006204
研華,3.00,0.54,-0.02%,006204
永豐金,37.00,0.53,+0.01%,006204
凱基金,49.00,0.53,-0.01%,006204
遠傳,10.00,0.52,-0.02%,006204
陽明,10.00,0.51,+0.05%,006204
瑞昱,2.00,0.51,-0.01%,006204
統一超,3.00,0.49,-0.03%,006204
台光電,1.00,0.46,+0.10%,006204
國巨,1.00,0.45,0.00%,006204
光寶科,7.00,0.44,0.00%,006204
台新金,39.00,0.41,-0.01%,006204
和碩,8.00,0.41,-0.01%,006204
上海商銀,14.00,0.41,-0.03%,006204
長榮航,16.00,0.40,0.00%,006204
台塑,19.00,0.40,-0.02%,006204
南亞,22.00,0.40,-0.05%,006204
台泥,21.00,0.38,-0.03%,006204
彰銀,33.00,0.37,-0.02%,006204
新光金,45.00,0.34,-0.01%,006204
健策,0.00,0.34,+0.07%,006204
奇鋐,1.00,0.33,+0.07%,006204
遠東新,16.00,0.32,-0.02%,006204
技嘉,2.00,0.32,+0.04%,006204
正新,10.00,0.30,-0.01%,006204
欣興,5.00,0.30,+0.02%,006204
創意,0.00,0.29,+0.03%,006204
英業達,11.00,0.28,0.00%,006204
川湖,0.00,0.27,+0.03%,006204
嘉澤,0.00,0.27,0.00%,006204
致茂,1.00,0.26,+0.02%,006204
台化,17.00,0.26,-0.02%,006204
南亞科,9.00,0.26,+0.05%,006204
可成,2.00,0.26,-0.02%,006204
臺企銀,27.00,0.25,0.00%,006204
亞泥,10.00,0.25,-0.04%,006204
祥碩,0.00,0.25,+0.03%,006204
華城,1.00,0.24,+0.01%,006204
華航,17.00,0.24,0.00%,006204
群光,2.00,0.24,+0.01%,006204
金像電,1.00,0.23,+0.05%,006204
仁寶,13.00,0.23,0.00%,006204
億豐,1.00,0.23,+0.01%,006204
豐泰,3.00,0.22,+0.01%,006204
大聯大,5.00,0.22,0.00%,006204
旭隼,0.00,0.22,-0.03%,006204
微星,2.00,0.22,-0.01%,006204
聯強,5.00,0.22,-0.01%,006204
儒鴻,1.00,0.22,0.00%,006204
京元電子,4.00,0.22,+0.02%,006204
台中銀,16.00,0.21,0.00%,006204
東元,6.00,0.21,+0.01%,006204
漢唐,1.00,0.20,+0.04%,006204
文曄,3.00,0.20,0.00%,006204
富世達,1.00,0.19,+0.03%,006204
宏,9.00,0.19,-0.02%,006204
友達,23.00,0.18,0.00%,006204
群創,24.00,0.18,-0.03%,006204
新日興,2.00,0.17,-0.01%,006204
寶成,9.00,0.17,-0.02%,006204
士電,2.00,0.17,+0.03%,006204
大成鋼,7.00,0.16,-0.04%,006204
鴻準,4.00,0.16,0.00%,006204
大同,6.00,0.16,-0.01%,006204
潤泰新,9.00,0.16,-0.02%,006204
力成,2.00,0.16,0.00%,006204
健鼎,1.00,0.15,+0.01%,006204
中華,4.00,0.15,-0.01%,006204
上銀,1.00,0.15,0.00%,006204
華新,11.00,0.15,0.00%,006204
興富發,6.00,0.15,-0.01%,006204
中興電,1.00,0.14,+0.02%,006204
聯華,5.00,0.14,0.00%,006204
東陽,2.00,0.14,-0.01%,006204
富邦媒,1.00,0.14,-0.02%,006204
神達,4.00,0.13,+0.01%,006204
神基,2.00,0.13,0.00%,006204
瑞儀,1.00,0.13,0.00%,006204
華通,3.00,0.13,0.00%,006204
華邦電,12.00,0.13,+0.01%,006204
聯邦銀,12.00,0.13,0.00%,006204
台灣高鐵,8.00,0.13,-0.01%,006204
聚陽,1.00,0.12,-0.01%,006204
力積電,12.00,0.12,+0.01%,006204
采鈺,1.00,0.12,0.00%,006204
南電,2.00,0.12,0.00%,006204
裕融,2.00,0.11,0.00%,006204
矽力*-KY,1.00,0.11,-0.02%,006204
美時,1.00,0.11,+0.01%,006204
櫻花建,3.00,0.11,-0.01%,006204
京城銀,3.00,0.10,0.00%,006204
遠東銀,12.00,0.10,-0.01%,006204
信邦,1.00,0.10,0.00%,006204
大成,3.00,0.10,0.00%,006204
佳世達,6.00,0.10,0.00%,006204
三陽工業,2.00,0.10,-0.01%,006204
群益證,6.00,0.10,-0.01%,006204
潤泰全,3.00,0.10,-0.02%,006204
中保科,1.00,0.10,0.00%,006204
巨大,1.00,0.09,-0.01%,006204
智易,1.00,0.09,-0.01%,006204
崇越,1.00,0.09,0.00%,006204
遠雄,2.00,0.09,0.00%,006204
啟,1.00,0.09,-0.01%,006204
群電,1.00,0.09,+0.01%,006204
復盛應用,0.00,0.09,0.00%,006204
台肥,3.00,0.09,-0.01%,006204
東和鋼鐵,2.00,0.09,0.00%,006204
裕民,3.00,0.09,0.00%,006204
國產,3.00,0.09,0.00%,006204
愛山林,2.00,0.08,-0.01%,006204
義隆,1.00,0.08,0.00%,006204
創見,1.00,0.08,0.00%,006204
國票金,10.00,0.08,0.00%,006204
台玻,8.00,0.08,0.00%,006204
永豐餘,5.00,0.08,0.00%,006204
和潤企業,2.00,0.08,0.00%,006204
精成科,1.00,0.08,+0.02%,006204
智原,1.00,0.08,-0.01%,006204
玉晶光,0.00,0.08,0.00%,006204
宏全,1.00,0.08,-0.01%,006204
世紀鋼,1.00,0.08,0.00%,006204
至上,3.00,0.08,0.00%,006204
勤誠,0.00,0.07,+0.01%,006204
景碩,1.00,0.07,0.00%,006204
致伸,1.00,0.07,0.00%,006204
裕隆,3.00,0.07,-0.01%,006204
長榮鋼,1.00,0.07,0.00%,006204
旺宏,5.00,0.07,0.00%,006204
勝一,1.00,0.07,+0.01%,006204
豐興,2.00,0.07,0.00%,006204
漢翔,3.00,0.07,-0.01%,006204
榮運,3.00,0.07,+0.01%,006204
華新科,1.00,0.07,0.00%,006204
宏達電,2.00,0.06,0.00%,006204
超豐,2.00,0.06,0.00%,006204
威盛,1.00,0.06,-0.01%,006204
統一證,4.00,0.06,-0.01%,006204
遠百,4.00,0.06,0.00%,006204
燁輝,6.00,0.06,0.00%,006204
長興,4.00,0.06,0.00%,006204
佳格,3.00,0.06,0.00%,006204
南港,2.00,0.06,0.00%,006204
新唐,1.00,0.06,0.00%,006204
帆宣,1.00,0.06,0.00%,006204
聯茂,1.00,0.06,+0.02%,006204
精誠,1.00,0.06,0.00%,006204
矽格,1.00,0.06,0.00%,006204
樺漢,0.00,0.06,+0.01%,006204
台表科,1.00,0.06,0.00%,006204
統一實,5.00,0.06,+0.01%,006204
美利達,1.00,0.06,-0.02%,006204
台汽電,2.00,0.06,0.00%,006204
愛普*,0.00,0.05,+0.01%,006204
矽創,0.00,0.05,0.00%,006204
晶碩,0.00,0.05,0.00%,006204
瀚宇博,1.00,0.05,+0.01%,006204
中磊,1.00,0.05,0.00%,006204
華擎,0.00,0.05,+0.01%,006204
台勝科,1.00,0.05,-0.01%,006204
晶技,1.00,0.05,0.00%,006204
中石化,12.00,0.05,0.00%,006204
福懋,5.00,0.05,0.00%,006204
潤隆,3.00,0.05,-0.01%,006204
大亞,2.00,0.05,0.00%,006204
王道銀行,9.00,0.05,0.00%,006204
晶華,0.00,0.05,0.00%,006204
建準,1.00,0.05,+0.01%,006204
全新,1.00,0.04,0.00%,006204
矽統,1.00,0.04,-0.01%,006204
華固,1.00,0.04,0.00%,006204
安泰銀,5.00,0.04,0.00%,006204
中碳,1.00,0.04,0.00%,006204
正隆,4.00,0.04,0.00%,006204
中鴻,4.00,0.04,0.00%,006204
建大,3.00,0.04,0.00%,006204
富采,2.00,0.04,-0.01%,006204
貿聯-KY,0.00,0.04,0.00%,006204
彩晶,9.00,0.04,0.00%,006204
同欣電,1.00,0.04,0.00%,006204
康舒,2.00,0.04,0.00%,006204
南茂,2.00,0.04,0.00%,006204
高力,0.00,0.04,0.00%,006204
中鼎,2.00,0.04,0.00%,006204
東哥遊艇,0.00,0.03,+0.01%,006204
藥華藥,0.00,0.03,0.00%,006204
達發,0.00,0.03,0.00%,006204
洋基工程,0.00,0.03,0.00%,006204
台郡,1.00,0.03,0.00%,006204
裕日車,1.00,0.03,-0.01%,006204
華泰,1.00,0.03,0.00%,006204
華紙,4.00,0.03,0.00%,006204
冠德,1.00,0.03,0.00%,006204
京城,1.00,0.02,0.00%,006204
華建,1.00,0.02,0.00%,006204
潤弘,0.00,0.02,0.00%,006204
億光,0.00,0.02,0.00%,006204
慧洋-KY,0.00,0.02,0.00%,006204
亞翔,0.00,0.02,0.00%,006204
南寶,0.00,0.02,0.00%,006204
臻鼎-KY,0.00,0.01,0.00%,006204
欣陸,1.00,0.01,0.00%,006204
長虹,0.00,0.01,0.00%,006204
尼得科超眾,0.00,0.01,0.00%,006204
帝寶,0.00,0.01,0.00%,006204
長華*,0.00,0.01,0.00%,006204
德律,0.00,0.01,0.00%,006204
飛宏,1.00,0.01,-0.01%,006204
國建,1.00,0.01,0.00%,006204
藍天,0.00,0.01,0.00%,006204
台積電,"129,863.00",56.60,+0.47%,006208
聯發科,"7,977.00",4.53,-0.60%,006208
鴻海,"64,285.00",4.52,+0.19%,006208
台達電,"11,627.00",1.96,+0.11%,006208
廣達,"14,301.00",1.75,+0.13%,006208
中信金,"87,987.00",1.62,-0.03%,006208
富邦金,"43,761.00",1.57,-0.19%,006208
國泰金,"49,716.00",1.34,-0.04%,006208
聯電,"63,120.00",1.33,-0.03%,006208
中華電,"20,559.00",1.20,-0.06%,006208
兆豐金,"63,231.00",1.13,-0.01%,006208
玉山金,"81,898.00",1.10,0.00%,006208
日月光投控,"17,364.00",1.08,-0.04%,006208
華碩,"3,798.00",1.07,+0.02%,006208
統一,"25,922.00",0.93,-0.01%,006208
智邦,"2,710.00",0.91,+0.15%,006208
元大金,"61,571.00",0.87,-0.04%,006208
緯創,"14,664.00",0.77,+0.06%,006208
聯詠,"3,096.00",0.72,-0.04%,006208
第一金,"56,595.00",0.69,0.00%,006208
永豐金,"63,806.00",0.66,+0.02%,006208
凱基金,"84,644.00",0.66,-0.01%,006208
長榮,"5,808.00",0.64,+0.07%,006208
瑞昱,"2,543.00",0.62,-0.02%,006208
緯穎,559.00,0.61,+0.10%,006208
合庫金,"54,543.00",0.59,-0.04%,006208
華南金,"48,929.00",0.58,-0.05%,006208
國巨,"2,581.00",0.57,+0.01%,006208
中鋼,"60,663.00",0.54,-0.06%,006208
大立光,508.00,0.53,-0.02%,006208
光寶科,"11,585.00",0.53,0.00%,006208
世芯-KY,411.00,0.52,+0.10%,006208
和泰車,"1,739.00",0.50,-0.02%,006208
台新金,"63,391.00",0.49,-0.01%,006208
奇鋐,"1,718.00",0.48,+0.10%,006208
台泥,"35,529.00",0.47,-0.04%,006208
中租-KY,"8,035.00",0.44,0.00%,006208
上海商銀,"20,018.00",0.42,-0.03%,006208
和碩,"11,107.00",0.42,0.00%,006208
台灣大,"7,980.00",0.41,-0.02%,006208
研華,"2,465.00",0.38,-0.02%,006208
萬海,"7,601.00",0.37,+0.07%,006208
遠傳,"9,490.00",0.37,-0.02%,006208
南亞,"27,879.00",0.36,-0.05%,006208
陽明,"9,477.00",0.34,+0.04%,006208
欣興,"6,907.00",0.33,+0.02%,006208
統一超,"2,779.00",0.32,-0.03%,006208
藥華藥,"1,376.00",0.31,-0.03%,006208
台塑,"19,821.00",0.31,-0.02%,006208
台塑化,"7,590.00",0.13,+0.01%,006208
台積電,912.00,30.72,-0.90%,00690
聯發科,282.00,12.37,-3.73%,00690
台達電,394.00,5.13,-0.43%,00690
富邦金,"1,844.00",5.11,-1.47%,00690
聯電,"2,648.00",4.31,+0.13%,00690
中華電,945.00,4.26,-0.92%,00690
長榮,446.00,3.80,+0.62%,00690
智邦,125.00,3.23,N/A,00690
聯詠,132.00,2.38,+0.03%,00690
瑞昱,110.00,2.08,+0.12%,00690
大立光,24.00,1.97,+0.27%,00690
台光電,71.00,1.86,+0.48%,00690
國巨,108.00,1.84,+0.16%,00690
光寶科,484.00,1.71,N/A,00690
世芯-KY,17.00,1.68,+0.43%,00690
遠傳,554.00,1.67,+0.03%,00690
奇鋐,75.00,1.61,N/A,00690
中租-KY,343.00,1.45,+0.10%,00690
上海商銀,845.00,1.37,-0.32%,00690
研華,112.00,1.33,+0.02%,00690
健策,24.00,1.12,+0.31%,00690
川湖,16.00,1.12,N/A,00690
可成,142.00,1.04,-0.04%,00690
亞德客-KY,31.00,1.00,+0.05%,00690
嘉澤,19.00,0.86,-0.07%,00690
京元電子,252.00,0.85,+0.09%,00690
亞泥,576.00,0.84,-0.07%,00690
儒鴻,55.00,0.83,+0.23%,00690
創意,20.00,0.80,+0.09%,00690
祥碩,11.00,0.75,+0.29%,00690
台積電,"15,493.00",50.72,+0.75%,00692
鴻海,"8,293.00",4.38,+0.21%,00692
聯發科,956.00,4.08,-0.51%,00692
富邦金,"8,164.00",2.20,-0.24%,00692
廣達,"2,306.00",2.12,+0.17%,00692
中華電,"4,630.00",2.03,-0.10%,00692
台達電,"1,548.00",1.96,+0.12%,00692
國泰金,"8,743.00",1.77,-0.05%,00692
中信金,"11,714.00",1.62,-0.02%,00692
日月光投控,"2,633.00",1.23,-0.04%,00692
兆豐金,"8,865.00",1.19,0.00%,00692
聯電,"7,519.00",1.19,-0.01%,00692
長榮,"1,293.00",1.07,+0.12%,00692
玉山金,"9,515.00",0.96,0.00%,00692
華碩,444.00,0.94,+0.03%,00692
緯穎,111.00,0.91,+0.16%,00692
台灣大,"2,228.00",0.86,-0.04%,00692
元大金,"7,726.00",0.82,-0.03%,00692
第一金,"8,408.00",0.77,+0.01%,00692
合庫金,"9,107.00",0.74,-0.05%,00692
台塑化,"5,674.00",0.73,+0.02%,00692
華南金,"8,199.00",0.73,-0.06%,00692
和泰車,333.00,0.72,-0.01%,00692
緯創,"1,724.00",0.68,+0.06%,00692
聯詠,361.00,0.63,-0.04%,00692
遠傳,"2,083.00",0.61,-0.03%,00692
研華,518.00,0.60,-0.02%,00692
永豐金,"7,593.00",0.59,+0.02%,00692
統一超,624.00,0.54,-0.04%,00692
光寶科,"1,397.00",0.48,0.00%,00692
上海商銀,"2,919.00",0.46,-0.02%,00692
和碩,"1,584.00",0.45,-0.01%,00692
台泥,"4,529.00",0.45,-0.02%,00692
台塑,"3,830.00",0.45,-0.01%,00692
台新金,"7,750.00",0.45,-0.01%,00692
長榮航,"3,254.00",0.45,+0.01%,00692
彰銀,"6,636.00",0.41,-0.02%,00692
中租-KY,997.00,0.41,0.00%,00692
遠東新,"3,152.00",0.35,-0.02%,00692
欣興,920.00,0.33,+0.03%,00692
創意,81.00,0.32,+0.03%,00692
英業達,"2,172.00",0.31,0.00%,00692
亞泥,"2,117.00",0.30,-0.04%,00692
台化,"3,453.00",0.28,-0.03%,00692
文曄,667.00,0.28,0.00%,00692
臺企銀,"5,407.00",0.27,-0.01%,00692
群光,454.00,0.26,+0.01%,00692
貿聯-KY,114.00,0.25,+0.03%,00692
大聯大,"1,007.00",0.24,0.00%,00692
旭隼,53.00,0.24,-0.04%,00692
豐泰,583.00,0.24,0.00%,00692
健鼎,317.00,0.23,+0.03%,00692
東元,"1,289.00",0.23,+0.01%,00692
大同,"1,415.00",0.20,0.00%,00692
臻鼎-KY,574.00,0.20,0.00%,00692
寶成,"1,799.00",0.19,-0.01%,00692
華新,"2,450.00",0.18,0.00%,00692
富邦媒,155.00,0.16,-0.01%,00692
神基,365.00,0.15,+0.01%,00692
台灣高鐵,"1,614.00",0.15,0.00%,00692
聯邦銀,"2,404.00",0.14,0.00%,00692
聚陽,150.00,0.14,-0.01%,00692
裕融,321.00,0.12,0.00%,00692
啟,288.00,0.12,-0.01%,00692
佳世達,"1,206.00",0.11,0.00%,00692
遠東銀,"2,509.00",0.11,-0.01%,00692
京城銀,649.00,0.11,0.00%,00692
信邦,140.00,0.11,0.00%,00692
裕民,525.00,0.10,+0.01%,00692
國產,707.00,0.10,0.00%,00692
東和鋼鐵,458.00,0.10,0.00%,00692
崇越,113.00,0.10,0.00%,00692
南寶,75.00,0.09,0.00%,00692
和潤企業,382.00,0.09,0.00%,00692
國票金,"2,127.00",0.09,0.00%,00692
漢翔,551.00,0.08,-0.01%,00692
裕隆,645.00,0.08,-0.01%,00692
中華,347.00,0.08,0.00%,00692
長榮鋼,261.00,0.08,+0.01%,00692
樺漢,78.00,0.08,0.00%,00692
台汽電,456.00,0.07,+0.01%,00692
統一證,911.00,0.07,0.00%,00692
台勝科,239.00,0.06,-0.01%,00692
大亞,469.00,0.06,0.00%,00692
美律,140.00,0.06,0.00%,00692
藍天,358.00,0.06,0.00%,00692
精誠,152.00,0.06,-0.01%,00692
中磊,182.00,0.06,-0.01%,00692
晶碩,43.00,0.05,-0.01%,00692
森崴能源,166.00,0.05,0.00%,00692
中聯資源,151.00,0.04,0.00%,00692
中鼎,442.00,0.04,-0.01%,00692
信義,427.00,0.04,0.00%,00692
研揚,93.00,0.04,-0.01%,00692
葡萄王,88.00,0.04,0.00%,00692
欣陸,494.00,0.04,0.00%,00692
中工,802.00,0.03,0.00%,00692
承業醫,68.00,0.01,0.00%,00692
盛達,77.00,0.01,0.00%,00692
邁達特,62.00,0.01,0.00%,00692
中信金,"17,077.00",12.09,+0.27%,00701
中華電,"4,875.00",10.94,-0.19%,00701
玉山金,"15,161.00",7.83,+0.27%,00701
兆豐金,"11,322.00",7.78,+0.24%,00701
統一,"4,618.00",6.37,+0.13%,00701
第一金,"10,986.00",5.15,+0.23%,00701
永豐金,"11,892.00",4.73,+0.26%,00701
華南金,"9,982.00",4.55,-0.20%,00701
台灣大,"2,268.00",4.48,-0.06%,00701
合庫金,"10,603.00",4.41,-0.14%,00701
中鋼,"11,569.00",3.96,-0.25%,00701
遠傳,"2,368.00",3.55,-0.03%,00701
台新金,"11,910.00",3.54,+0.03%,00701
台泥,"6,724.00",3.42,-0.09%,00701
上海商銀,"3,619.00",2.92,-0.08%,00701
彰銀,"8,126.00",2.57,-0.04%,00701
亞泥,"2,468.00",1.79,-0.17%,00701
臺企銀,"6,650.00",1.70,+0.04%,00701
聯強,"1,256.00",1.55,-0.02%,00701
台中銀,"4,015.00",1.43,+0.03%,00701
大成鋼,"1,883.00",1.16,-0.23%,00701
遠東銀,"3,787.00",0.85,-0.01%,00701
三陽工業,647.00,0.79,0.00%,00701
國票金,"3,139.00",0.68,+0.01%,00701
長興,934.00,0.42,0.00%,00701
王道銀行,"1,708.00",0.28,0.00%,00701
廣隆,56.00,0.14,0.00%,00701
泰銘,100.00,0.12,-0.01%,00701
台航,218.00,0.11,0.00%,00701
生達,89.00,0.09,-0.01%,00701
台灣大,"125,039.00",9.66,+0.13%,00713
統一,"167,582.00",9.04,-0.03%,00713
遠傳,"139,373.00",8.17,-0.09%,00713
統一超,"33,555.00",5.81,-0.17%,00713
台新金,"300,285.00",3.49,-0.10%,00713
華南金,"168,882.00",3.01,-0.32%,00713
玉山金,"144,590.00",2.92,+0.08%,00713
聯強,"52,227.00",2.52,+0.39%,00713
中信金,"88,862.00",2.46,-0.64%,00713
聯發科,"2,787.00",2.38,-0.69%,00713
洋基工程,"7,168.00",2.13,+0.01%,00713
聯電,"62,497.00",1.98,+0.03%,00713
宏全,"19,073.00",1.90,-0.25%,00713
聯詠,"5,290.00",1.85,-0.30%,00713
長榮航,"64,660.00",1.79,+0.28%,00713
漢唐,"4,435.00",1.68,+0.30%,00713
中保科,"19,924.00",1.60,-0.06%,00713
上海商銀,"48,500.00",1.53,-0.17%,00713
三陽工業,"30,768.00",1.47,+0.06%,00713
東和鋼鐵,"32,715.00",1.43,-0.08%,00713
聚陽,"7,592.00",1.42,+0.16%,00713
智易,"9,447.00",1.37,-0.28%,00713
大成,"29,883.00",1.29,+0.20%,00713
和碩,"22,161.00",1.26,-0.12%,00713
南寶,"5,142.00",1.23,+0.20%,00713
復盛應用,"5,178.00",1.23,+0.08%,00713
帆宣,"9,468.00",1.11,+0.29%,00713
瑞儀,"11,005.00",1.10,+0.02%,00713
崇越,"6,026.00",1.07,+0.01%,00713
群益證,"62,100.00",1.05,-0.10%,00713
億光,"18,695.00",1.03,+0.13%,00713
凱基金,"87,002.00",1.02,-0.06%,00713
台表科,"13,341.00",0.99,+0.13%,00713
卜蜂,"13,028.00",0.98,+0.03%,00713
潤弘,"7,727.00",0.94,-0.01%,00713
永豐金,"59,153.00",0.92,-0.01%,00713
裕民,"24,113.00",0.92,+0.03%,00713
中磊,"13,772.00",0.91,-0.16%,00713
致伸,"17,215.00",0.91,+0.05%,00713
長榮鋼,"14,512.00",0.89,+0.03%,00713
元大金,"40,950.00",0.87,-0.06%,00713
群光,"7,509.00",0.86,+0.03%,00713
遠東銀,"97,994.00",0.86,-0.05%,00713
新產,"11,945.00",0.85,-0.07%,00713
超豐,"19,191.00",0.74,-0.02%,00713
健鼎,"4,965.00",0.72,+0.07%,00713
華立,"8,744.00",0.64,+0.07%,00713
至上,"17,850.00",0.60,-0.05%,00713
力成,"5,675.00",0.45,-0.05%,00713
寶成,"18,918.00",0.40,-0.09%,00713
群光,"1,261.00",10.29,+0.75%,00730
聯詠,380.00,9.47,-0.23%,00730
漢唐,350.00,9.44,+1.85%,00730
瑞儀,948.00,6.75,-0.14%,00730
聚陽,462.00,6.16,-0.28%,00730
材料*-KY,111.00,4.60,+0.04%,00730
聖暉*,223.00,4.10,-0.28%,00730
亞翔,332.00,4.04,+0.19%,00730
頎邦,"1,261.00",3.94,+0.01%,00730
復盛應用,223.00,3.77,-0.14%,00730
億光,841.00,3.30,+0.14%,00730
洋基工程,140.00,2.96,+0.21%,00730
順達,288.00,2.82,+0.36%,00730
新產,470.00,2.38,-0.08%,00730
矽創,225.00,2.36,+0.01%,00730
天鈺,200.00,2.08,-0.08%,00730
榮剛,995.00,2.07,-0.08%,00730
南寶,120.00,2.04,+0.04%,00730
聯陽,298.00,1.94,+0.05%,00730
碩天,150.00,1.87,-0.19%,00730
名軒,529.00,1.80,-0.07%,00730
僑威,407.00,1.62,+0.17%,00730
致新,139.00,1.51,+0.01%,00730
拓凱,144.00,1.35,+0.07%,00730
櫻花,324.00,1.33,-0.07%,00730
晶華,122.00,1.15,-0.05%,00730
威強電,262.00,1.07,-0.01%,00730
永信建,172.00,1.07,+0.02%,00730
凡甲,92.00,1.01,-0.10%,00730
海悅,149.00,0.89,+0.02%,00730
台積電,442.00,29.66,+0.57%,00728
聯電,"3,651.00",11.85,-1.15%,00728
聯詠,182.00,6.52,-0.86%,00728
大立光,33.00,5.29,-0.67%,00728
研華,155.00,3.67,-0.59%,00728
川湖,26.00,3.63,-0.06%,00728
健策,37.00,3.52,+0.72%,00728
可成,226.00,3.30,-0.31%,00728
致茂,140.00,3.26,+0.40%,00728
亞德客-KY,49.00,3.16,+0.05%,00728
嘉澤,30.00,2.78,-0.29%,00728
儒鴻,87.00,2.61,+0.63%,00728
祥碩,17.00,2.36,+0.19%,00728
上銀,108.00,1.68,-0.12%,00728
聚陽,79.00,1.51,-0.24%,00728
聯華,423.00,1.33,-0.05%,00728
材料*-KY,20.00,1.18,N/A,00728
國產,359.00,1.04,-0.03%,00728
台肥,276.00,1.00,-0.05%,00728
智原,81.00,0.99,N/A,00728
愛普*,47.00,0.92,+0.01%,00728
創見,129.00,0.92,-0.06%,00728
義隆,95.00,0.91,-0.04%,00728
AES-KY,11.00,0.80,N/A,00728
新日興,62.00,0.78,N/A,00728
晶技,104.00,0.68,-0.09%,00728
長榮鋼,97.00,0.61,-0.03%,00728
超豐,116.00,0.46,-0.04%,00728
晶碩,18.00,0.43,-0.05%,00728
台灣精銳,6.00,0.33,-0.01%,00728
中信金,"8,964.00",9.88,+0.10%,00731
聯電,"6,557.00",8.27,+0.19%,00731
中華電,"2,124.00",7.42,-0.07%,00731
兆豐金,"6,581.00",7.04,+0.28%,00731
玉山金,"8,483.00",6.82,+0.28%,00731
統一,"2,677.00",5.75,+0.15%,00731
聯詠,319.00,4.44,-0.07%,00731
永豐金,"6,589.00",4.08,+0.26%,00731
華南金,"5,088.00",3.61,-0.13%,00731
和泰車,181.00,3.12,+0.07%,00731
台新金,"6,570.00",3.04,+0.06%,00731
中租-KY,842.00,2.76,+0.13%,00731
上海商銀,"2,086.00",2.62,-0.04%,00731
和碩,"1,140.00",2.58,+0.07%,00731
台灣大,826.00,2.54,-0.02%,00731
遠傳,986.00,2.30,0.00%,00731
統一超,292.00,2.01,-0.07%,00731
可成,337.00,1.91,-0.08%,00731
長榮航,"1,506.00",1.66,+0.08%,00731
亞泥,"1,364.00",1.54,-0.13%,00731
聯強,755.00,1.45,-0.01%,00731
遠東新,"1,627.00",1.44,-0.02%,00731
正新,"1,021.00",1.40,+0.02%,00731
友達,"3,923.00",1.36,+0.05%,00731
台化,"1,904.00",1.23,-0.06%,00731
瑞儀,246.00,0.98,-0.01%,00731
東元,654.00,0.93,+0.06%,00731
台灣高鐵,"1,161.00",0.86,0.00%,00731
台塑化,761.00,0.78,+0.05%,00731
京城銀,525.00,0.71,+0.02%,00731
潤泰新,868.00,0.70,-0.07%,00731
三陽工業,336.00,0.64,+0.01%,00731
東和鋼鐵,339.00,0.59,0.00%,00731
台肥,412.00,0.58,+0.01%,00731
佳世達,770.00,0.56,0.00%,00731
潤泰全,345.00,0.47,-0.05%,00731
遠東銀,"1,317.00",0.46,0.00%,00731
中保科,131.00,0.42,+0.01%,00731
富邦媒,43.00,0.35,-0.03%,00731
和潤企業,112.00,0.21,+0.01%,00731
群光,"4,361.00",10.87,+0.57%,00733
群創,"55,910.00",10.06,-1.69%,00733
漢唐,"1,187.00",9.79,+1.74%,00733
大同,"14,730.00",9.07,-0.11%,00733
力成,"4,891.00",8.44,+0.31%,00733
東陽,"2,982.00",5.74,-0.27%,00733
智易,"1,236.00",3.90,-0.57%,00733
創見,"2,409.00",3.66,-0.03%,00733
建準,"1,741.00",2.67,+0.37%,00733
漢翔,"4,220.00",2.67,-0.35%,00733
櫻花建,"2,572.00",2.31,-0.09%,00733
牧德,281.00,2.30,+0.53%,00733
達麗,"2,956.00",2.18,+0.08%,00733
長虹,"1,505.00",2.04,+0.02%,00733
廣宇,"2,864.00",1.62,-0.03%,00733
強茂,"2,090.00",1.56,+0.15%,00733
喬山,660.00,1.45,-0.29%,00733
台灣精銳,113.00,1.33,+0.17%,00733
冠西電,"1,007.00",1.28,-0.09%,00733
富華新,"2,225.00",1.15,-0.13%,00733
日勝生,"5,384.00",1.08,+0.04%,00733
春源,"3,255.00",0.96,+0.05%,00733
瑞智,"2,146.00",0.94,-0.04%,00733
凌華,911.00,0.91,-0.14%,00733
第一保,"1,659.00",0.68,-0.07%,00733
鄉林,"4,407.00",0.65,-0.06%,00733
迎廣,416.00,0.58,+0.06%,00733
龍德造船,388.00,0.57,-0.02%,00733
隆大,996.00,0.52,-0.02%,00733
國精化,544.00,0.50,+0.05%,00733
浪凡,505.00,0.44,+0.01%,00733
駐龍,174.00,0.43,-0.04%,00733
凌群,496.00,0.43,-0.05%,00733
工信,"2,172.00",0.41,0.00%,00733
晶睿,252.00,0.41,-0.03%,00733
建國,939.00,0.39,-0.02%,00733
力特,893.00,0.38,-0.06%,00733
耿鼎,796.00,0.37,-0.05%,00733
億泰,918.00,0.36,+0.02%,00733
來頡,217.00,0.34,+0.01%,00733
盛達,567.00,0.32,+0.05%,00733
亞航,595.00,0.31,-0.04%,00733
銘異,918.00,0.31,-0.05%,00733
寶一,356.00,0.27,-0.05%,00733
弘凱,387.00,0.26,0.00%,00733
資通,284.00,0.24,-0.04%,00733
華經,255.00,0.23,-0.08%,00733
安馳,164.00,0.20,-0.02%,00733
榮星,652.00,0.16,-0.01%,00733
麗正,609.00,0.15,-0.01%,00733
台積電,"5,666.00",28.42,+0.80%,00850
鴻海,"7,439.00",6.02,+0.38%,00850
聯發科,920.00,6.01,-0.70%,00850
台達電,"1,340.00",2.60,+0.18%,00850
廣達,"1,683.00",2.37,+0.19%,00850
中信金,"9,957.00",2.11,-0.10%,00850
富邦金,"4,916.00",2.03,-0.24%,00850
聯電,"7,299.00",1.77,-0.02%,00850
國泰金,"5,512.00",1.71,-0.09%,00850
中華電,"2,397.00",1.61,-0.09%,00850
兆豐金,"7,487.00",1.54,+0.03%,00850
玉山金,"9,445.00",1.46,+0.01%,00850
日月光投控,"1,998.00",1.43,-0.04%,00850
華碩,438.00,1.42,+0.04%,00850
統一,"3,076.00",1.27,+0.01%,00850
智邦,313.00,1.21,+0.20%,00850
元大金,"7,194.00",1.17,-0.02%,00850
緯創,"1,638.00",0.99,+0.10%,00850
聯詠,355.00,0.95,-0.04%,00850
第一金,"6,556.00",0.92,0.00%,00850
長榮,702.00,0.89,+0.11%,00850
凱基金,"9,806.00",0.88,+0.01%,00850
永豐金,"7,308.00",0.87,+0.02%,00850
瑞昱,296.00,0.83,-0.01%,00850
中鋼,"7,809.00",0.80,-0.06%,00850
緯穎,64.00,0.80,+0.11%,00850
華南金,"5,717.00",0.78,-0.07%,00850
合庫金,"6,265.00",0.78,-0.05%,00850
大立光,62.00,0.74,-0.05%,00850
台光電,188.00,0.73,+0.16%,00850
台泥,"4,663.00",0.71,-0.03%,00850
光寶科,"1,329.00",0.70,+0.01%,00850
和泰車,202.00,0.67,-0.01%,00850
奇鋐,199.00,0.64,+0.14%,00850
國巨,248.00,0.63,+0.02%,00850
台灣大,964.00,0.57,-0.05%,00850
台新金,"6,182.00",0.55,-0.12%,00850
新光金,"8,639.00",0.54,-0.12%,00850
上海商銀,"2,153.00",0.52,-0.03%,00850
研華,293.00,0.52,-0.01%,00850
和碩,"1,172.00",0.51,+0.01%,00850
遠傳,"1,092.00",0.49,-0.02%,00850
可成,422.00,0.46,-0.04%,00850
陽明,"1,090.00",0.45,+0.05%,00850
統一超,340.00,0.45,-0.02%,00850
亞德客-KY,91.00,0.44,+0.02%,00850
欣興,800.00,0.44,+0.03%,00850
技嘉,300.00,0.43,+0.03%,00850
彰銀,"4,436.00",0.42,-0.03%,00850
亞泥,"1,843.00",0.40,-0.05%,00850
矽力*-KY,204.00,0.37,-0.08%,00850
長榮航,"1,699.00",0.36,+0.01%,00850
微星,487.00,0.36,-0.01%,00850
南亞,"2,422.00",0.36,-0.04%,00850
仁寶,"2,343.00",0.35,-0.02%,00850
京元電子,696.00,0.35,+0.03%,00850
大聯大,931.00,0.34,0.00%,00850
創意,55.00,0.33,+0.03%,00850
群光,376.00,0.33,-0.01%,00850
儒鴻,143.00,0.32,0.00%,00850
中租-KY,508.00,0.32,+0.01%,00850
萬海,571.00,0.32,+0.06%,00850
英業達,"1,464.00",0.32,-0.03%,00850
嘉澤,45.00,0.31,0.00%,00850
遠東新,"1,822.00",0.31,-0.01%,00850
正新,"1,138.00",0.30,0.00%,00850
宏,"1,611.00",0.29,-0.05%,00850
臺企銀,"3,790.00",0.29,-0.02%,00850
旭隼,40.00,0.28,-0.05%,00850
東元,988.00,0.27,+0.01%,00850
祥碩,26.00,0.26,+0.03%,00850
力成,412.00,0.25,+0.01%,00850
華航,"2,176.00",0.25,0.00%,00850
台灣高鐵,"1,615.00",0.23,-0.01%,00850
上銀,180.00,0.21,0.00%,00850
台化,"1,690.00",0.21,-0.01%,00850
臻鼎-KY,393.00,0.21,0.00%,00850
華新,"1,688.00",0.19,0.00%,00850
大同,877.00,0.19,0.00%,00850
豐泰,301.00,0.19,0.00%,00850
億豐,85.00,0.19,+0.01%,00850
華邦電,"1,960.00",0.18,+0.01%,00850
台肥,628.00,0.17,-0.01%,00850
寶成,989.00,0.16,-0.01%,00850
群益證,"1,236.00",0.16,-0.01%,00850
巨大,194.00,0.12,-0.02%,00850
遠東銀,"1,489.00",0.10,-0.03%,00850
台塑化,507.00,0.10,+0.01%,00850
創見,168.00,0.09,0.00%,00850
中保科,146.00,0.09,0.00%,00850
富邦媒,51.00,0.08,-0.01%,00850
裕民,274.00,0.08,+0.01%,00850
長興,594.00,0.08,0.00%,00850
華新科,189.00,0.08,0.00%,00850
福懋,593.00,0.05,-0.01%,00850
南電,73.00,0.04,0.00%,00850
裕隆,158.00,0.03,-0.01%,00850
中華,85.00,0.03,0.00%,00850
台勝科,26.00,0.01,-0.01%,00850
中信金,"722,087.00",6.92,+3.39%,00878
國泰金,"465,465.00",6.53,+3.71%,00878
聯電,"583,544.00",6.40,+2.15%,00878
聯詠,"40,974.00",4.96,-1.38%,00878
聯發科,"16,475.00",4.87,-0.47%,00878
華碩,"30,418.00",4.46,-0.36%,00878
緯創,"126,598.00",3.46,+0.37%,00878
瑞昱,"27,104.00",3.44,-0.66%,00878
日月光投控,"101,623.00",3.29,-0.13%,00878
廣達,"48,357.00",3.08,+0.31%,00878
光寶科,"125,149.00",2.98,-0.39%,00878
上海商銀,"271,049.00",2.96,-0.51%,00878
元大金,"379,352.00",2.79,-0.30%,00878
台灣大,"103,200.00",2.76,-0.30%,00878
遠傳,"134,038.00",2.72,-0.36%,00878
萬海,"103,408.00",2.62,N/A,00878
中華電,"84,594.00",2.57,-0.42%,00878
統一,"136,553.00",2.55,+0.03%,00878
兆豐金,"273,065.00",2.54,-0.28%,00878
正新,"206,418.00",2.46,-0.35%,00878
技嘉,"37,838.00",2.45,-0.26%,00878
富邦金,"126,914.00",2.37,-0.20%,00878
世界,"119,822.00",2.35,-0.98%,00878
遠東新,"295,004.00",2.27,-0.62%,00878
英業達,"224,507.00",2.22,-0.52%,00878
仁寶,"294,534.00",1.99,-0.68%,00878
大聯大,"115,042.00",1.90,-0.51%,00878
微星,"50,254.00",1.68,-0.73%,00878
台泥,"226,565.00",1.56,-0.85%,00878
第一金,"233,222.00",1.48,-0.90%,00878
中租-KY,"48,415.00",1.38,N/A,00878
永豐金,"245,170.00",1.32,-1.31%,00878
可成,"20,095.00",0.99,N/A,00878
台積電,"17,336.00",29.91,-0.03%,00881
聯發科,"5,298.00",11.91,-1.70%,00881
鴻海,"42,539.00",11.84,+0.39%,00881
台達電,"7,403.00",4.94,+0.24%,00881
廣達,"9,661.00",4.68,+0.30%,00881
聯電,"48,555.00",4.05,-0.12%,00881
智邦,"2,340.00",3.11,+0.46%,00881
緯創,"11,835.00",2.46,+0.18%,00881
聯詠,"2,487.00",2.29,-0.17%,00881
瑞昱,"2,072.00",2.00,-0.07%,00881
台灣大,"9,489.00",1.93,-0.12%,00881
大立光,460.00,1.90,-0.08%,00881
台光電,"1,339.00",1.79,+0.37%,00881
遠傳,"10,432.00",1.61,-0.09%,00881
奇鋐,"1,401.00",1.55,+0.31%,00881
和碩,"8,618.00",1.29,-0.04%,00881
川湖,298.00,1.09,+0.11%,00881
欣興,"5,499.00",1.04,+0.06%,00881
致茂,"1,654.00",0.99,+0.07%,00881
英業達,"13,031.00",0.98,-0.03%,00881
仁寶,"17,515.00",0.90,-0.01%,00881
貿聯-KY,782.00,0.90,+0.10%,00881
矽力*-KY,"1,441.00",0.90,-0.19%,00881
大聯大,"6,528.00",0.82,-0.02%,00881
京元電子,"4,738.00",0.82,+0.04%,00881
健鼎,"2,121.00",0.81,+0.07%,00881
世界,"4,358.00",0.65,-0.10%,00881
金像電,"1,380.00",0.64,+0.14%,00881
力成,"2,970.00",0.62,0.00%,00881
臻鼎-KY,"2,721.00",0.50,-0.01%,00881
台積電,"4,315.00",22.18,+0.63%,00891
聯發科,"2,683.00",17.97,-1.89%,00891
聯電,"41,209.00",10.24,+0.03%,00891
日月光投控,"9,584.00",7.03,-0.10%,00891
聯詠,"2,075.00",5.69,-0.19%,00891
瑞昱,"1,760.00",5.06,+0.02%,00891
世芯-KY,297.00,4.44,+0.99%,00891
力旺,249.00,3.18,-0.32%,00891
京元電子,"4,073.00",2.10,+0.16%,00891
大聯大,"5,559.00",2.08,+0.03%,00891
矽力*-KY,"1,086.00",2.02,-0.35%,00891
信驊,93.00,1.95,+0.45%,00891
力成,"2,476.00",1.54,+0.07%,00891
健策,205.00,1.48,+0.35%,00891
創意,205.00,1.27,+0.14%,00891
旺矽,275.00,1.16,+0.19%,00891
中美晶,"1,931.00",1.16,+0.01%,00891
文曄,"1,487.00",0.98,+0.04%,00891
世界,"2,183.00",0.97,-0.11%,00891
譜瑞-KY,280.00,0.86,+0.03%,00891
環球晶,508.00,0.85,+0.01%,00891
智原,748.00,0.70,-0.03%,00891
頎邦,"1,803.00",0.62,0.00%,00891
穩懋,"1,054.00",0.48,-0.05%,00891
愛普*,235.00,0.35,+0.05%,00891
家登,167.00,0.31,-0.02%,00891
精材,337.00,0.25,+0.01%,00891
威盛,449.00,0.16,-0.01%,00891
采鈺,123.00,0.14,+0.01%,00891
達發,29.00,0.08,0.00%,00891
台積電,"1,350.00",25.28,-0.03%,00892
信驊,88.00,6.70,+1.29%,00892
瑞昱,543.00,5.69,-0.18%,00892
日月光投控,"2,126.00",5.68,-0.26%,00892
聯電,"6,187.00",5.60,-0.17%,00892
創意,244.00,5.50,+0.33%,00892
聯詠,549.00,5.48,-0.41%,00892
力旺,116.00,5.40,-0.73%,00892
聯發科,201.00,4.90,-0.68%,00892
旺矽,238.00,3.66,+0.46%,00892
崇越,489.00,2.48,+0.01%,00892
義隆,842.00,2.25,-0.03%,00892
原相,386.00,1.65,-0.06%,00892
中砂,292.00,1.59,+0.15%,00892
穎崴,73.00,1.57,+0.29%,00892
京鼎,240.00,1.40,+0.04%,00892
聯鈞,379.00,1.40,-0.21%,00892
矽創,318.00,1.34,-0.06%,00892
弘塑,58.00,1.34,+0.22%,00892
萬潤,213.00,1.28,+0.16%,00892
精材,444.00,1.20,-0.03%,00892
瑞鼎,175.00,1.16,-0.02%,00892
聯陽,436.00,1.14,-0.03%,00892
全新,529.00,1.06,-0.02%,00892
達發,104.00,1.04,-0.04%,00892
精測,57.00,0.98,+0.12%,00892
致新,191.00,0.83,-0.04%,00892
新唐,572.00,0.81,+0.01%,00892
志聖,274.00,0.80,+0.01%,00892
世紀*,329.00,0.36,-0.03%,00892
台積電,776.00,28.43,+0.03%,00894
聯發科,159.00,7.59,-1.85%,00894
台達電,352.00,4.99,+0.39%,00894
廣達,445.00,4.58,+0.53%,00894
智邦,148.00,4.18,+0.24%,00894
華碩,165.00,3.92,-0.22%,00894
台光電,112.00,3.18,+0.11%,00894
瑞昱,146.00,2.99,N/A,00894
世芯-KY,28.00,2.98,N/A,00894
奇鋐,121.00,2.84,+0.80%,00894
國巨,152.00,2.83,+0.14%,00894
緯穎,30.00,2.75,+0.42%,00894
鈊象,78.00,2.49,+0.06%,00894
技嘉,210.00,2.20,N/A,00894
貿聯-KY,90.00,2.20,-0.03%,00894
力旺,23.00,2.14,-0.21%,00894
信驊,13.00,1.97,+0.48%,00894
亞德客-KY,50.00,1.77,N/A,00894
嘉澤,34.00,1.70,-0.09%,00894
群聯,86.00,1.65,N/A,00894
華城,91.00,1.59,N/A,00894
祥碩,21.00,1.56,N/A,00894
旺矽,51.00,1.55,+0.27%,00894
雙鴻,53.00,1.15,N/A,00894
穎崴,25.00,1.05,+0.36%,00894
原相,118.00,0.99,-0.04%,00894
保瑞,33.00,0.96,N/A,00894
材料*-KY,29.00,0.94,N/A,00894
昇達科,57.00,0.72,-0.29%,00894
台灣精銳,10.00,0.30,N/A,00894
台積電,436.00,11.60,-1.62%,00896
鴻海,"1,872.00",8.04,+1.63%,00896
台達電,480.00,4.94,+0.68%,00896
中華電,"1,091.00",3.89,-0.43%,00896
緯創,"1,113.00",3.57,+0.45%,00896
聯發科,90.00,3.12,-1.31%,00896
光寶科,956.00,2.67,+0.07%,00896
台泥,"3,119.00",2.52,-0.08%,00896
中租-KY,747.00,2.50,+0.29%,00896
中鋼,"4,561.00",2.48,-0.19%,00896
台塑,"2,471.00",2.36,+0.25%,00896
台灣大,746.00,2.34,-0.29%,00896
技嘉,294.00,2.23,+0.41%,00896
和碩,948.00,2.19,+0.14%,00896
貿聯-KY,123.00,2.18,+0.11%,00896
致茂,233.00,2.15,+0.47%,00896
南亞,"2,409.00",1.90,+0.03%,00896
研華,194.00,1.83,-0.13%,00896
聯電,"1,360.00",1.75,-0.37%,00896
微星,428.00,1.68,+0.11%,00896
大同,"1,453.00",1.67,+0.02%,00896
亞泥,"1,389.00",1.60,-0.22%,00896
旭隼,43.00,1.58,+0.09%,00896
華新,"2,611.00",1.56,+0.24%,00896
新普,147.00,1.52,0.00%,00896
上銀,231.00,1.43,N/A,00896
日月光投控,371.00,1.41,-0.23%,00896
正新,"1,001.00",1.40,-0.11%,00896
聯詠,92.00,1.31,-0.39%,00896
東元,882.00,1.28,+0.01%,00896
信邦,198.00,1.27,+0.09%,00896
世芯-KY,16.00,1.24,N/A,00896
瑞昱,82.00,1.22,-0.39%,00896
東陽,331.00,1.19,N/A,00896
佳世達,"1,564.00",1.16,+0.08%,00896
順達,185.00,1.03,-0.16%,00896
世紀鋼,196.00,0.97,N/A,00896
華立,313.00,0.93,+0.17%,00896
力旺,13.00,0.89,-0.17%,00896
京元電子,300.00,0.80,N/A,00896
康舒,991.00,0.72,+0.05%,00896
達興材料,102.00,0.59,+0.18%,00896
中碳,218.00,0.57,0.00%,00896
全漢,313.00,0.53,+0.02%,00896
聚和,525.00,0.52,+0.12%,00896
世界,222.00,0.51,N/A,00896
宣德,411.00,0.50,+0.04%,00896
康普,372.00,0.49,+0.11%,00896
明基材,706.00,0.48,+0.11%,00896
系統電,455.00,0.43,-0.17%,00896
台積電,443.00,30.35,+0.20%,00901
聯發科,117.00,10.41,-1.38%,00901
鴻海,754.00,8.34,+0.33%,00901
台達電,186.00,4.93,+0.28%,00901
廣達,218.00,4.19,+0.29%,00901
聯電,923.00,3.06,-0.08%,00901
日月光投控,255.00,2.50,-0.10%,00901
華碩,56.00,2.46,+0.05%,00901
智邦,44.00,2.30,+0.36%,00901
緯創,208.00,1.72,+0.14%,00901
聯詠,46.00,1.70,-0.11%,00901
緯穎,9.00,1.52,+0.25%,00901
瑞昱,39.00,1.48,-0.04%,00901
大立光,9.00,1.41,-0.04%,00901
國巨,37.00,1.30,+0.01%,00901
台光電,24.00,1.26,+0.27%,00901
光寶科,170.00,1.22,0.00%,00901
台泥,553.00,1.15,-0.08%,00901
元太,71.00,1.07,-0.11%,00901
和碩,161.00,0.96,-0.01%,00901
研華,39.00,0.95,-0.04%,00901
力旺,5.00,0.92,-0.12%,00901
致茂,34.00,0.81,+0.06%,00901
健策,8.00,0.78,+0.17%,00901
欣興,101.00,0.76,+0.04%,00901
可成,50.00,0.74,-0.07%,00901
嘉澤,8.00,0.70,0.00%,00901
亞泥,226.00,0.67,-0.09%,00901
華城,18.00,0.59,+0.02%,00901
創意,7.00,0.57,+0.04%,00901
群創,636.00,0.55,-0.10%,00901
微星,53.00,0.54,-0.02%,00901
漢唐,13.00,0.53,+0.08%,00901
正新,147.00,0.53,-0.01%,00901
旭隼,6.00,0.53,-0.10%,00901
大同,166.00,0.49,-0.02%,00901
華新,312.00,0.48,-0.01%,00901
鴻準,112.00,0.48,-0.01%,00901
世界,79.00,0.47,-0.06%,00901
環球晶,20.00,0.45,-0.02%,00901
東元,118.00,0.44,0.00%,00901
中興電,39.00,0.42,+0.05%,00901
中美晶,51.00,0.41,-0.01%,00901
新普,15.00,0.41,0.00%,00901
瑞儀,35.00,0.37,-0.02%,00901
士電,27.00,0.34,+0.06%,00901
東陽,34.00,0.31,-0.02%,00901
華邦電,247.00,0.31,+0.02%,00901
信邦,19.00,0.31,-0.01%,00901
啟,30.00,0.26,-0.02%,00901
長榮,"6,339.00",5.48,+0.59%,00900
陽明,"18,796.00",5.29,+0.52%,00900
聯電,"31,338.00",5.18,-0.11%,00900
華碩,"2,294.00",5.07,+0.10%,00900
長榮航,"34,480.00",4.98,+0.02%,00900
群光,"8,083.00",4.83,+0.18%,00900
國泰金,"22,844.00",4.83,-0.16%,00900
聯詠,"2,565.00",4.68,-0.29%,00900
和碩,"15,608.00",4.63,-0.08%,00900
聯發科,"1,006.00",4.48,-0.59%,00900
健鼎,"5,723.00",4.33,+0.40%,00900
華航,"52,991.00",4.15,-0.02%,00900
漢唐,"1,938.00",3.83,+0.63%,00900
宏,"30,973.00",3.80,-0.24%,00900
聯強,"15,015.00",3.78,-0.19%,00900
世界,"10,657.00",3.15,-0.43%,00900
正新,"17,371.00",3.12,-0.08%,00900
瑞儀,"5,714.00",2.98,-0.17%,00900
群聯,"1,548.00",2.77,+0.18%,00900
新普,"1,772.00",2.35,+0.04%,00900
國產,"15,310.00",2.26,+0.02%,00900
群益證,"24,599.00",2.17,-0.21%,00900
臻鼎-KY,"5,464.00",1.99,0.00%,00900
神基,"4,004.00",1.72,+0.12%,00900
頎邦,"7,475.00",1.71,-0.06%,00900
華通,"6,782.00",1.47,+0.05%,00900
慧洋-KY,"5,281.00",1.21,+0.02%,00900
創見,"3,130.00",1.14,-0.02%,00900
南寶,785.00,0.98,-0.02%,00900
裕民,"4,320.00",0.86,+0.01%,00900
台積電,480.00,30.40,+0.80%,00904
聯發科,208.00,17.22,-1.93%,00904
聯電,"1,599.00",4.90,+0.02%,00904
日月光投控,458.00,4.14,-0.06%,00904
瑞昱,79.00,2.79,-0.01%,00904
聯詠,79.00,2.68,-0.09%,00904
世芯-KY,13.00,2.44,+0.41%,00904
力旺,15.00,2.31,-0.27%,00904
矽力-KY,N/A,2.27,-0.39%,00904
信驊,9.00,2.26,+0.27%,00904
創意,29.00,2.21,+0.19%,00904
京元電子,344.00,2.19,+0.09%,00904
祥碩,16.00,2.02,+0.20%,00904
世界,327.00,1.79,-0.25%,00904
力成,227.00,1.74,+0.01%,00904
群聯,52.00,1.74,+0.07%,00904
環球晶,83.00,1.72,0.00%,00904
中美晶,196.00,1.45,-0.04%,00904
旺矽,26.00,1.38,+0.09%,00904
華邦電,"1,060.00",1.23,+0.06%,00904
南亞科,392.00,1.17,+0.08%,00904
力積電,"1,102.00",1.12,+0.03%,00904
新應材,26.00,1.10,+0.28%,00904
譜瑞-KY,26.00,0.98,+0.02%,00904
智原,78.00,0.90,-0.09%,00904
愛普,N/A,0.88,+0.05%,00904
威盛,180.00,0.79,-0.15%,00904
達發科技,N/A,0.70,-0.02%,00904
采鈺,41.00,0.58,+0.01%,00904
精材,60.00,0.55,0.00%,00904
台積電,"2,067.00",29.93,-0.05%,00905
鴻海,"2,281.00",5.33,+0.17%,00905
聯發科,254.00,4.79,-0.69%,00905
廣達,971.00,3.95,+0.25%,00905
台達電,623.00,3.49,+0.16%,00905
中華電,"1,794.00",3.48,-0.24%,00905
智邦,279.00,3.11,+0.47%,00905
長榮,814.00,2.98,+0.30%,00905
聯詠,302.00,2.33,-0.17%,00905
大立光,66.00,2.29,-0.11%,00905
萬海,"1,391.00",2.25,+0.41%,00905
陽明,"1,736.00",2.07,+0.19%,00905
瑞昱,255.00,2.07,-0.06%,00905
統一超,515.00,1.97,-0.18%,00905
長榮航,"2,681.00",1.64,-0.01%,00905
川湖,47.00,1.44,+0.13%,00905
嘉澤,55.00,1.09,-0.03%,00905
致茂,211.00,1.06,+0.07%,00905
華城,142.00,0.98,+0.02%,00905
億豐,147.00,0.95,+0.04%,00905
貿聯-KY,94.00,0.91,+0.11%,00905
旭隼,44.00,0.89,-0.16%,00905
健鼎,262.00,0.84,+0.08%,00905
台中銀,"2,729.00",0.84,-0.03%,00905
漢唐,96.00,0.80,+0.13%,00905
群創,"4,050.00",0.74,-0.13%,00905
臻鼎-KY,480.00,0.74,0.00%,00905
力成,377.00,0.66,+0.01%,00905
材料*-KY,49.00,0.63,-0.03%,00905
東陽,297.00,0.58,-0.04%,00905
富邦媒,125.00,0.57,-0.06%,00905
聚陽,123.00,0.51,-0.05%,00905
亞翔,117.00,0.44,+0.01%,00905
大成,440.00,0.42,0.00%,00905
崇越,94.00,0.37,0.00%,00905
復盛應用,69.00,0.36,-0.02%,00905
智易,109.00,0.35,-0.06%,00905
潤弘,126.00,0.34,-0.01%,00905
玉晶光,56.00,0.33,0.00%,00905
義隆,150.00,0.31,0.00%,00905
樺漢,68.00,0.31,+0.02%,00905
皇昌,223.00,0.30,+0.04%,00905
聯華食,136.00,0.28,0.00%,00905
亞光,140.00,0.28,-0.02%,00905
矽格,242.00,0.28,0.00%,00905
億光,222.00,0.27,0.00%,00905
帆宣,100.00,0.26,0.00%,00905
光聖,37.00,0.26,+0.04%,00905
超豐,282.00,0.24,0.00%,00905
新產,153.00,0.24,-0.01%,00905
京鼎,53.00,0.24,+0.01%,00905
冠德,277.00,0.23,+0.01%,00905
帝寶,81.00,0.22,-0.02%,00905
瀚宇博,242.00,0.22,+0.04%,00905
聯鈞,73.00,0.21,-0.03%,00905
德律,118.00,0.20,0.00%,00905
晶碩,39.00,0.20,-0.02%,00905
振樺電,37.00,0.18,+0.02%,00905
碩天,47.00,0.18,-0.03%,00905
晶華,62.00,0.18,-0.02%,00905
聯陽,84.00,0.17,0.00%,00905
王品,42.00,0.16,+0.01%,00905
達興材料,51.00,0.16,+0.03%,00905
鈺齊-KY,97.00,0.15,-0.01%,00905
葡萄王,74.00,0.15,-0.01%,00905
京城,184.00,0.14,0.00%,00905
零壹,82.00,0.14,-0.02%,00905
櫻花,110.00,0.14,-0.01%,00905
致新,42.00,0.14,-0.01%,00905
拓凱,45.00,0.13,0.00%,00905
佳必琪,60.00,0.13,+0.01%,00905
敦陽科,52.00,0.13,+0.01%,00905
興農,202.00,0.13,0.00%,00905
美食-KY,86.00,0.12,-0.01%,00905
永信,131.00,0.12,-0.02%,00905
飛捷,71.00,0.12,-0.01%,00905
迅得,42.00,0.11,+0.01%,00905
瑞智,247.00,0.11,-0.01%,00905
雄獅,44.00,0.11,+0.01%,00905
三芳,191.00,0.11,-0.01%,00905
新興,281.00,0.10,-0.01%,00905
立隆電,86.00,0.10,+0.01%,00905
廣隆,42.00,0.09,0.00%,00905
富華新,171.00,0.09,-0.02%,00905
融程電,40.00,0.08,-0.01%,00905
信錦,69.00,0.08,-0.01%,00905
生達,91.00,0.08,0.00%,00905
精元,102.00,0.08,0.00%,00905
揚博,55.00,0.08,0.00%,00905
鋼聯,50.00,0.08,0.00%,00905
智伸科,57.00,0.08,0.00%,00905
豐祥-KY,32.00,0.07,-0.01%,00905
巨路,46.00,0.07,0.00%,00905
捷敏-KY,68.00,0.07,+0.01%,00905
福興,93.00,0.07,0.00%,00905
茂順,40.00,0.07,0.00%,00905
波力-KY,27.00,0.07,0.00%,00905
宇隆,29.00,0.07,-0.01%,00905
中航,102.00,0.07,+0.01%,00905
第一保,144.00,0.06,-0.01%,00905
偉訓,58.00,0.06,0.00%,00905
國化,75.00,0.06,-0.01%,00905
新巨,74.00,0.06,0.00%,00905
鈞興-KY,26.00,0.06,0.00%,00905
海華,75.00,0.06,0.00%,00905
東科-KY,37.00,0.05,-0.01%,00905
欣巴巴,41.00,0.05,-0.01%,00905
新至陞,24.00,0.05,0.00%,00905
一零四,12.00,0.04,0.00%,00905
商億-KY,43.00,0.04,-0.01%,00905
宏璟,67.00,0.03,0.00%,00905
全國電,18.00,0.02,0.00%,00905
中信金,"6,585.00",6.29,+0.07%,00907
長榮航,"6,428.00",6.14,+0.17%,00907
長榮,"1,032.00",5.90,+0.76%,00907
華南金,"8,879.00",5.46,-0.32%,00907
玉山金,"6,846.00",4.77,+0.09%,00907
兆豐金,"4,638.00",4.30,+0.08%,00907
上海商銀,"3,886.00",4.23,-0.17%,00907
富邦金,"2,230.00",4.15,-0.38%,00907
國泰金,"2,896.00",4.05,-0.04%,00907
東元,"3,189.00",3.93,+0.15%,00907
元大金,"5,129.00",3.76,-0.09%,00907
永豐金,"6,615.00",3.55,+0.15%,00907
統一超,566.00,3.38,-0.18%,00907
聚陽,519.00,3.35,-0.19%,00907
第一金,"5,296.00",3.35,+0.10%,00907
彰銀,"7,850.00",3.35,-0.09%,00907
陽明,"1,789.00",3.33,+0.39%,00907
華航,"6,294.00",3.26,+0.06%,00907
大成鋼,"3,729.00",3.10,-0.67%,00907
萬海,"1,081.00",2.73,+0.58%,00907
儒鴻,263.00,2.65,+0.03%,00907
合庫金,"4,722.00",2.65,-0.12%,00907
寶成,"3,591.00",2.62,-0.22%,00907
豐泰,824.00,2.34,+0.10%,00907
華新,"3,685.00",1.87,+0.03%,00907
臺企銀,"3,566.00",1.23,+0.01%,00907
上銀,231.00,1.21,-0.02%,00907
台化,"2,036.00",1.14,-0.09%,00907
台塑,"1,072.00",0.87,-0.01%,00907
南亞,"1,134.00",0.76,-0.08%,00907
台積電,458.00,30.20,+0.02%,00912
聯發科,61.00,5.25,-0.74%,00912
鈊象,89.00,5.13,-0.29%,00912
萬海,674.00,4.96,+0.93%,00912
力旺,29.00,4.82,-0.57%,00912
陽明,607.00,3.29,+0.30%,00912
長榮,196.00,3.26,+0.34%,00912
大立光,19.00,3.00,-0.12%,00912
聯詠,84.00,2.96,-0.20%,00912
長榮航,862.00,2.40,0.00%,00912
瑞昱,63.00,2.32,-0.06%,00912
世芯-KY,11.00,2.07,+0.48%,00912
鴻海,185.00,1.97,+0.42%,00912
上海商銀,539.00,1.71,-0.13%,00912
台新金,"1,446.00",1.69,-0.06%,00912
聯電,509.00,1.62,-0.05%,00912
奇鋐,37.00,1.56,+0.34%,00912
元太,108.00,1.56,-0.18%,00912
富邦金,288.00,1.56,-0.20%,00912
中信金,517.00,1.44,-0.03%,00912
中華電,162.00,1.43,-0.09%,00912
研華,55.00,1.28,-0.07%,00912
凱基金,"1,086.00",1.28,-0.02%,00912
永豐金,787.00,1.23,+0.01%,00912
國巨,33.00,1.11,-0.01%,00912
元大金,487.00,1.04,-0.06%,00912
遠傳,168.00,0.99,-0.05%,00912
台達電,38.00,0.96,+0.04%,00912
台泥,440.00,0.88,-0.06%,00912
智邦,16.00,0.81,+0.12%,00912
統一超,45.00,0.79,-0.08%,00912
華南金,296.00,0.53,-0.05%,00912
玉山金,256.00,0.52,0.00%,00912
第一金,217.00,0.40,0.00%,00912
緯穎,2.00,0.28,+0.10%,00912
國泰金,64.00,0.26,-0.02%,00912
合庫金,141.00,0.23,-0.01%,00912
兆豐金,81.00,0.22,0.00%,00912
光寶科,29.00,0.20,-0.01%,00912
緯創,14.00,0.11,+0.01%,00912
廣達,6.00,0.11,+0.01%,00912
台塑化,39.00,0.10,0.00%,00912
南亞,46.00,0.09,-0.01%,00912
統一,17.00,0.09,-0.01%,00912
華碩,2.00,0.09,+0.02%,00912
日月光投控,10.00,0.09,0.00%,00912
台灣大,12.00,0.09,0.00%,00912
台塑,38.00,0.09,0.00%,00912
和碩,16.00,0.09,0.00%,00912
中鋼,59.00,0.08,-0.01%,00912
台積電,57.00,25.07,+0.76%,00913
聯電,495.00,10.52,-2.60%,00913
聯發科,18.00,10.09,-1.32%,00913
信驊,2.00,3.70,+1.43%,00913
聯詠,16.00,3.68,-0.34%,00913
瑞昱,15.00,3.61,-0.37%,00913
環球晶,24.00,3.37,+1.22%,00913
致茂,22.00,3.35,+1.00%,00913
祥碩,4.00,3.24,+0.17%,00913
創意,6.00,3.20,+0.62%,00913
群聯,14.00,3.13,N/A,00913
大同,161.00,3.06,N/A,00913
力旺,3.00,2.97,+0.10%,00913
世界,68.00,2.58,-1.33%,00913
智原,32.00,2.56,+0.36%,00913
光洋科,82.00,2.15,-0.19%,00913
中美晶,41.00,2.10,+0.03%,00913
日月光投控,25.00,1.57,-0.03%,00913
義隆,21.00,1.32,+0.21%,00913
穩懋,33.00,1.28,N/A,00913
愛普*,10.00,1.24,N/A,00913
家登,7.00,1.19,-0.71%,00913
聖暉*,6.00,1.09,-0.25%,00913
崇越,7.00,0.79,-0.12%,00913
京元電子,9.00,0.38,N/A,00913
力成,5.00,0.29,+0.01%,00913
旺矽,1.00,0.23,+0.03%,00913
頎邦,5.00,0.15,-0.01%,00913
矽格,3.00,0.12,0.00%,00913
欣銓,3.00,0.11,N/A,00913
聯電,"72,162.00",8.99,+0.15%,00915
中租-KY,"25,882.00",8.38,+0.28%,00915
中信金,"76,430.00",8.32,+0.11%,00915
兆豐金,"78,175.00",8.26,+0.35%,00915
長榮航,"68,897.00",7.50,+0.22%,00915
聯詠,"4,014.00",5.52,-0.10%,00915
聯強,"27,143.00",5.15,-0.25%,00915
瑞儀,"13,026.00",5.12,-0.27%,00915
台新金,"104,810.00",4.79,+0.12%,00915
群益證,"70,690.00",4.70,-0.37%,00915
晶技,"15,122.00",3.80,+0.09%,00915
台表科,"12,920.00",3.77,+0.21%,00915
裕融,"12,701.00",3.74,-0.11%,00915
京城銀,"24,343.00",3.25,+0.07%,00915
榮剛,"25,772.00",2.96,-0.17%,00915
億光,"8,955.00",1.94,+0.03%,00915
微星,"4,661.00",1.77,-0.07%,00915
中美晶,"5,479.00",1.65,-0.02%,00915
欣銓,"7,820.00",1.59,-0.06%,00915
智易,"2,771.00",1.58,-0.26%,00915
瑞鼎,"1,450.00",1.32,+0.01%,00915
環球晶,846.00,0.71,+0.01%,00915
三陽工業,"3,140.00",0.59,0.00%,00915
信邦,872.00,0.54,+0.03%,00915
豐泰,"1,637.00",0.53,+0.05%,00915
矽格,"2,528.00",0.52,+0.02%,00915
崇越,716.00,0.50,+0.01%,00915
義隆,"1,332.00",0.49,+0.01%,00915
中磊,"1,809.00",0.47,-0.05%,00915
富邦媒,566.00,0.46,-0.06%,00915
長榮,"174,757.00",11.76,+1.54%,00919
聯電,"863,451.00",11.11,+0.04%,00919
中信金,"925,900.00",10.41,+0.01%,00919
聯發科,"25,145.00",8.72,-0.95%,00919
聯詠,"55,486.00",7.88,-0.50%,00919
長榮航,"539,886.00",6.07,0.00%,00919
世界,"163,413.00",3.76,-0.78%,00919
漢唐,"18,264.00",2.81,+0.46%,00919
群聯,"17,233.00",2.40,+0.03%,00919
力成,"71,425.00",2.30,+0.04%,00919
新普,"17,634.00",1.82,+0.01%,00919
瑞儀,"44,832.00",1.82,-0.11%,00919
京城銀,"110,958.00",1.53,-0.03%,00919
群益證,"216,981.00",1.49,-0.15%,00919
寶雅,"10,474.00",1.45,-0.02%,00919
國產,"118,355.00",1.36,+0.01%,00919
慧洋-KY,"74,573.00",1.33,+0.01%,00919
裕民,"84,541.00",1.31,+0.02%,00919
遠雄,"77,053.00",1.30,-0.06%,00919
洋基工程,"10,606.00",1.28,+0.04%,00919
國票金,"354,613.00",1.22,-0.03%,00919
創見,"40,214.00",1.14,-0.03%,00919
億光,"43,350.00",0.97,0.00%,00919
致伸,"44,718.00",0.96,-0.01%,00919
台表科,"29,199.00",0.88,+0.01%,00919
永信建,"21,772.00",0.77,-0.02%,00919
至上,"50,544.00",0.69,-0.06%,00919
名軒,"34,014.00",0.66,-0.11%,00919
瑞鼎,"6,809.00",0.64,0.00%,00919
海悅,"15,298.00",0.52,-0.01%,00919
陽明,"17,802.00",0.39,N/A,00919
富邦金,"16,432.00",0.36,N/A,00919
國泰金,"21,265.00",0.35,N/A,00919
可成,"2,422.00",0.14,N/A,00919
群光,"2,150.00",0.10,N/A,00919
大同,"6,092.00",0.07,N/A,00919
群電,"1,425.00",0.05,N/A,00919
冠德,"3,273.00",0.05,N/A,00919
台灣虎航,"1,888.00",0.05,N/A,00919
義隆,"1,316.00",0.05,N/A,00919
美律,"1,436.00",0.05,N/A,00919
材料*-KY,211.00,0.05,N/A,00919
聚陽,658.00,0.05,N/A,00919
長華*,"3,761.00",0.05,N/A,00919
復盛應用,518.00,0.05,N/A,00919
順達,897.00,0.05,N/A,00919
長榮,"26,111.00",8.21,+0.71%,00918
聯電,"118,430.00",7.12,-0.13%,00918
中信金,"113,834.00",5.98,-0.09%,00918
聯詠,"8,695.00",5.77,-0.34%,00918
華碩,"6,967.00",5.60,+0.12%,00918
兆豐金,"105,708.00",5.39,0.00%,00918
廣達,"14,893.00",5.20,+0.38%,00918
可成,"18,996.00",5.13,-0.41%,00918
長榮航,"87,184.00",4.58,+0.04%,00918
中租-KY,"28,736.00",4.49,+0.02%,00918
瑞昱,"6,296.00",4.38,-0.09%,00918
亞泥,"68,935.00",3.71,-0.40%,00918
大聯大,"39,543.00",3.58,0.00%,00918
彰銀,"145,296.00",3.41,-0.16%,00918
健鼎,"12,355.00",3.40,+0.33%,00918
宏,"57,817.00",2.58,-0.15%,00918
群聯,"3,873.00",2.52,+0.17%,00918
漢唐,"3,311.00",2.38,+0.27%,00918
華航,"77,937.00",2.22,0.00%,00918
中美晶,"14,314.00",2.08,-0.06%,00918
環球晶,"4,987.00",2.02,-0.07%,00918
瑞儀,"10,228.00",1.94,-0.11%,00918
新普,"3,857.00",1.86,+0.03%,00918
聚陽,"4,480.00",1.59,-0.14%,00918
東元,"19,477.00",1.32,+0.02%,00918
國產,"24,586.00",1.32,+0.01%,00918
東陽,"4,171.00",0.70,-0.05%,00918
材料*-KY,634.00,0.70,-0.04%,00918
中保科,"2,362.00",0.36,-0.01%,00918
裕融,"1,196.00",0.17,0.00%,00918
漢唐,158.00,3.76,+0.64%,00921
泓德能源,351.00,3.48,+0.35%,00921
亞德客-KY,87.00,3.45,+0.04%,00921
億豐,183.00,3.37,+0.18%,00921
長榮,318.00,3.31,+0.38%,00921
王品,309.00,3.31,+0.26%,00921
中租-KY,617.00,3.19,+0.04%,00921
保瑞,97.00,3.19,+0.10%,00921
三陽工業,"1,064.00",3.19,-0.10%,00921
台塑化,"1,961.00",3.17,+0.12%,00921
正新,"1,462.00",3.16,-0.06%,00921
智邦,98.00,3.11,+0.52%,00921
亞泥,"1,713.00",3.05,-0.39%,00921
遠東新,"2,186.00",3.05,-0.15%,00921
聯強,"1,000.00",3.03,-0.13%,00921
和成,"4,433.00",2.97,-0.55%,00921
統一超,273.00,2.97,-0.21%,00921
廣達,256.00,2.96,+0.24%,00921
統一,868.00,2.94,-0.04%,00921
東和鋼鐵,"1,046.00",2.87,-0.13%,00921
永豐餘,"2,419.00",2.85,+0.03%,00921
材料*-KY,78.00,2.85,-0.07%,00921
大立光,29.00,2.83,-0.07%,00921
台積電,69.00,2.82,+0.04%,00921
聯發科,52.00,2.78,-0.34%,00921
台達電,173.00,2.75,+0.18%,00921
大亞,"1,713.00",2.75,+0.03%,00921
豐泰,526.00,2.72,+0.08%,00921
富邦金,783.00,2.65,-0.29%,00921
南亞,"2,175.00",2.65,-0.32%,00921
國產,"1,408.00",2.50,+0.04%,00921
伊雲谷,672.00,2.42,-0.24%,00921
精誠,480.00,2.38,-0.19%,00921
台積電,"5,787.00",30.43,+0.75%,00923
聯發科,"1,346.00",9.22,-1.05%,00923
聯電,"27,298.00",6.94,-0.02%,00923
日月光投控,"7,729.00",5.80,-0.08%,00923
瑞昱,"1,961.00",5.77,-0.02%,00923
聯詠,"2,042.00",5.73,-0.14%,00923
鴻海,"5,434.00",4.61,+0.28%,00923
富邦金,"4,412.00",1.91,-0.21%,00923
台達電,934.00,1.90,+0.15%,00923
廣達,"1,219.00",1.80,+0.16%,00923
中信金,"7,923.00",1.76,-0.02%,00923
中華電,"2,258.00",1.59,-0.09%,00923
國泰金,"4,336.00",1.41,-0.02%,00923
玉山金,"7,035.00",1.14,-0.01%,00923
兆豐金,"5,287.00",1.14,-0.01%,00923
華碩,312.00,1.06,+0.03%,00923
智邦,242.00,0.98,+0.18%,00923
統一,"2,148.00",0.93,-0.01%,00923
元大金,"5,455.00",0.93,-0.03%,00923
緯創,"1,231.00",0.78,+0.08%,00923
第一金,"5,235.00",0.77,0.00%,00923
和泰車,202.00,0.70,0.00%,00923
永豐金,"5,449.00",0.68,+0.03%,00923
合庫金,"5,210.00",0.68,-0.04%,00923
緯穎,50.00,0.66,+0.13%,00923
華南金,"4,615.00",0.66,-0.09%,00923
台灣大,"1,000.00",0.62,-0.04%,00923
國巨,206.00,0.55,+0.02%,00923
光寶科,978.00,0.54,+0.02%,00923
遠傳,"1,105.00",0.52,-0.03%,00923
台新金,"5,361.00",0.50,0.00%,00923
奇鋐,142.00,0.48,+0.12%,00923
中租-KY,666.00,0.44,+0.01%,00923
上海商銀,"1,699.00",0.43,-0.04%,00923
研華,220.00,0.41,0.00%,00923
和碩,877.00,0.40,0.00%,00923
彰銀,"3,930.00",0.39,-0.02%,00923
統一超,266.00,0.37,-0.03%,00923
技嘉,227.00,0.34,+0.05%,00923
川湖,29.00,0.32,+0.04%,00923
欣興,555.00,0.32,+0.03%,00923
遠東新,"1,738.00",0.31,-0.04%,00923
英業達,"1,309.00",0.30,+0.01%,00923
致茂,164.00,0.30,+0.04%,00923
仁寶,"1,852.00",0.29,+0.01%,00923
嘉澤,41.00,0.29,+0.01%,00923
藥華藥,107.00,0.29,-0.02%,00923
儒鴻,102.00,0.24,0.00%,00923
微星,284.00,0.22,0.00%,00923
華城,84.00,0.21,+0.01%,00923
台積電,"7,882.00",29.47,+0.26%,00922
聯發科,"1,137.00",5.54,-0.91%,00922
鴻海,"9,018.00",5.44,+0.22%,00922
台達電,"2,040.00",2.95,+0.08%,00922
廣達,"2,439.00",2.56,+0.18%,00922
中信金,"15,321.00",2.42,-0.04%,00922
富邦金,"7,278.00",2.24,-0.27%,00922
國泰金,"8,866.00",2.05,-0.07%,00922
聯電,"10,345.00",1.87,+0.09%,00922
智邦,635.00,1.83,+0.29%,00922
華碩,732.00,1.77,+0.04%,00922
中華電,"3,255.00",1.63,-0.10%,00922
日月光投控,"3,017.00",1.61,-0.06%,00922
玉山金,"13,799.00",1.59,-0.01%,00922
緯穎,165.00,1.54,+0.49%,00922
兆豐金,"9,458.00",1.45,-0.10%,00922
聯詠,727.00,1.45,+0.16%,00922
統一,"4,419.00",1.36,-0.03%,00922
元大金,"10,559.00",1.28,-0.07%,00922
凱基金,"18,537.00",1.24,-0.01%,00922
中租-KY,"2,618.00",1.23,0.00%,00922
緯創,"2,642.00",1.19,+0.10%,00922
和泰車,470.00,1.16,-0.03%,00922
長榮,"1,216.00",1.15,+0.13%,00922
瑞昱,540.00,1.13,-0.03%,00922
第一金,"10,708.00",1.12,+0.01%,00922
世芯-KY,101.00,1.10,+0.22%,00922
光寶科,"2,726.00",1.07,0.00%,00922
中鋼,"14,011.00",1.07,-0.11%,00922
合庫金,"11,314.00",1.05,-0.08%,00922
大立光,112.00,1.00,-0.02%,00922
上海商銀,"5,500.00",0.99,-0.07%,00922
台新金,"14,778.00",0.98,-0.03%,00922
新光金,"21,033.00",0.98,-0.04%,00922
台灣大,"2,110.00",0.93,-0.05%,00922
奇鋐,384.00,0.92,+0.19%,00922
國巨,470.00,0.89,+0.01%,00922
研華,665.00,0.88,-0.04%,00922
鈊象,261.00,0.85,-0.03%,00922
元太,988.00,0.81,-0.08%,00922
遠傳,"2,362.00",0.79,-0.04%,00922
和碩,"2,404.00",0.78,-0.02%,00922
統一超,790.00,0.78,-0.06%,00922
技嘉,722.00,0.77,+0.10%,00922
台泥,"6,697.00",0.76,-0.05%,00922
力旺,80.00,0.74,-0.09%,00922
矽力*-KY,466.00,0.63,-0.13%,00922
旭隼,109.00,0.57,-0.09%,00922
台光電,173.00,0.50,N/A,00922
亞德客-KY,108.00,0.39,N/A,00922
台積電,"1,875.00",14.37,+0.54%,00927
聯發科,"1,225.00",12.23,-2.04%,00927
聯電,"23,911.00",8.86,+0.06%,00927
聯詠,"1,555.00",6.36,-0.26%,00927
日月光投控,"5,357.00",5.86,-0.05%,00927
瑞昱,"1,005.00",4.31,+0.02%,00927
環球晶,"1,382.00",3.45,-0.01%,00927
世界,"5,176.00",3.43,-0.39%,00927
群聯,783.00,3.14,+0.27%,00927
力成,"2,761.00",2.56,+0.12%,00927
中美晶,"2,747.00",2.46,-0.01%,00927
欣銓,"4,018.00",2.43,-0.01%,00927
世芯-KY,107.00,2.38,+0.53%,00927
頎邦,"4,407.00",2.26,-0.02%,00927
創見,"2,732.00",2.23,-0.01%,00927
義隆,"1,975.00",2.16,+0.06%,00927
京元電子,"2,653.00",2.04,+0.16%,00927
祥碩,128.00,1.98,+0.23%,00927
矽創,986.00,1.70,0.00%,00927
矽格,"2,729.00",1.67,+0.07%,00927
威剛,"2,216.00",1.63,+0.13%,00927
南茂,"6,841.00",1.54,+0.08%,00927
聯陽,"1,411.00",1.51,+0.02%,00927
京鼎,612.00,1.46,+0.09%,00927
天鈺,827.00,1.41,-0.06%,00927
愛普*,616.00,1.37,+0.18%,00927
譜瑞-KY,293.00,1.34,+0.06%,00927
瑞鼎,495.00,1.34,+0.02%,00927
旺矽,189.00,1.19,+0.19%,00927
原相,674.00,1.18,+0.01%,00927
聯電,"341,579.00",9.60,+0.10%,00929
聯發科,"11,710.00",8.87,-0.86%,00929
台灣大,"126,945.00",8.70,-0.17%,00929
日月光投控,"97,876.00",8.12,-0.04%,00929
聯詠,"20,728.00",6.43,-0.19%,00929
遠傳,"122,881.00",6.39,-0.09%,00929
光寶科,"79,975.00",4.88,+0.16%,00929
和碩,"90,804.00",4.58,+0.07%,00929
可成,"23,129.00",2.92,-0.17%,00929
世界,"57,503.00",2.89,-0.29%,00929
群光,"25,788.00",2.62,+0.17%,00929
聯強,"56,537.00",2.42,-0.05%,00929
京元電子,"41,500.00",2.42,+0.20%,00929
大聯大,"56,944.00",2.41,+0.04%,00929
健鼎,"17,800.00",2.29,+0.28%,00929
漢唐,"6,457.00",2.17,+0.41%,00929
宏,"103,544.00",2.16,-0.06%,00929
力成,"25,733.00",1.81,+0.09%,00929
神基,"20,810.00",1.52,+0.15%,00929
新普,"6,254.00",1.41,+0.07%,00929
瑞儀,"15,676.00",1.39,-0.04%,00929
中美晶,"20,462.00",1.39,0.00%,00929
啟,"16,364.00",1.21,-0.06%,00929
頎邦,"24,938.00",0.97,-0.01%,00929
智易,"7,384.00",0.95,-0.13%,00929
樺漢,"4,611.00",0.84,+0.08%,00929
精成科,"15,924.00",0.83,+0.24%,00929
欣銓,"16,351.00",0.75,0.00%,00929
億光,"14,936.00",0.73,+0.03%,00929
致伸,"15,568.00",0.73,+0.01%,00929
晶技,"11,466.00",0.65,+0.02%,00929
台表科,"9,722.00",0.64,+0.03%,00929
中磊,"10,066.00",0.59,-0.06%,00929
華立,"8,625.00",0.56,+0.06%,00929
天鈺,"4,023.00",0.52,-0.03%,00929
矽創,"3,977.00",0.52,0.00%,00929
至上,"17,439.00",0.52,-0.03%,00929
聯陽,"5,545.00",0.45,+0.01%,00929
台郡,"10,454.00",0.34,+0.01%,00929
豐藝,"7,025.00",0.31,0.00%,00929
中信金,"10,378.00",6.48,+0.10%,00930
華南金,"15,473.00",6.22,-0.31%,00930
聯電,"7,977.00",5.70,+0.07%,00930
聯詠,696.00,5.49,-0.15%,00930
新普,956.00,5.48,+0.26%,00930
玉山金,"11,877.00",5.41,+0.17%,00930
聯發科,261.00,5.02,-0.47%,00930
兆豐金,"8,036.00",4.87,+0.14%,00930
中華電,"2,385.00",4.72,-0.10%,00930
友達,"23,165.00",4.55,+0.11%,00930
富邦金,"3,641.00",4.43,-0.36%,00930
中租-KY,"2,256.00",4.19,+0.16%,00930
廣達,957.00,3.97,+0.41%,00930
頎邦,"3,923.00",3.88,0.00%,00930
瑞儀,"1,663.00",3.75,-0.09%,00930
至上,"4,498.00",3.41,-0.15%,00930
鴻海,"1,233.00",2.94,+0.22%,00930
京城銀,"3,474.00",2.66,+0.05%,00930
聯陽,"1,037.00",2.14,+0.05%,00930
中華,"1,895.00",1.97,-0.14%,00930
威健,"3,699.00",1.86,-0.03%,00930
台郡,"1,766.00",1.46,+0.06%,00930
遠百,"3,650.00",1.30,-0.04%,00930
統一證,"3,228.00",1.12,-0.06%,00930
可寧衛,253.00,0.75,+0.04%,00930
全漢,743.00,0.70,+0.07%,00930
宇瞻,850.00,0.66,+0.05%,00930
興農,990.00,0.65,+0.03%,00930
達方,"1,148.00",0.65,-0.03%,00930
朋億*,188.00,0.48,-0.02%,00930
福興,506.00,0.39,+0.02%,00930
元大期,287.00,0.37,0.00%,00930
中宇,426.00,0.37,0.00%,00930
崑鼎,73.00,0.33,0.00%,00930
信義,709.00,0.30,0.00%,00930
光隆,330.00,0.26,-0.01%,00930
群益期,311.00,0.24,0.00%,00930
太醫,142.00,0.20,-0.01%,00930
全台,478.00,0.17,-0.01%,00930
新鼎,68.00,0.12,-0.03%,00930
神基,881.00,2.29,N/A,00932
群電,836.00,2.28,+2.06%,00932
健鼎,491.00,2.25,N/A,00932
日電貿,"1,360.00",2.25,+2.03%,00932
廣達,382.00,2.22,N/A,00932
漢唐,185.00,2.21,N/A,00932
義隆,748.00,2.21,+0.16%,00932
美律,813.00,2.20,N/A,00932
華碩,161.00,2.15,N/A,00932
永崴投控,"1,935.00",2.12,+1.89%,00932
瑞智,"3,336.00",2.12,N/A,00932
台表科,905.00,2.12,-0.07%,00932
矽格,"1,271.00",2.10,+0.02%,00932
志強-KY,827.00,2.08,N/A,00932
敬鵬,"2,902.00",2.08,+1.84%,00932
矽創,443.00,2.06,-0.03%,00932
群光,564.00,2.04,N/A,00932
南寶,266.00,2.01,N/A,00932
新普,249.00,2.00,N/A,00932
欣銓,"1,219.00",1.99,-0.90%,00932
復盛應用,264.00,1.98,-0.88%,00932
晶技,976.00,1.97,+0.17%,00932
聯陽,679.00,1.96,-0.15%,00932
致伸,"1,174.00",1.96,N/A,00932
長榮鋼,"1,012.00",1.96,+1.75%,00932
三芳,"2,379.00",1.96,+1.71%,00932
創見,885.00,1.95,-0.29%,00932
裕民,"1,619.00",1.95,-0.24%,00932
億光,"1,115.00",1.94,N/A,00932
瑞鼎,266.00,1.94,-0.16%,00932
中美晶,798.00,1.93,N/A,00932
可成,427.00,1.92,N/A,00932
頎邦,"1,387.00",1.92,-0.32%,00932
榮剛,"2,071.00",1.91,N/A,00932
聚陽,322.00,1.90,N/A,00932
聯強,"1,241.00",1.89,N/A,00932
力成,751.00,1.88,N/A,00932
朋億*,526.00,1.88,+1.66%,00932
聯電,"1,869.00",1.87,-0.09%,00932
中華,"1,285.00",1.87,N/A,00932
國產,"2,093.00",1.87,N/A,00932
威健,"2,642.00",1.86,-0.24%,00932
橘子,"1,178.00",1.86,+1.64%,00932
群益證,"3,465.00",1.85,N/A,00932
京城銀,"1,707.00",1.83,N/A,00932
勤美,"3,247.00",1.81,+1.60%,00932
堤維西,"1,796.00",1.80,+1.60%,00932
聯詠,161.00,1.78,-0.50%,00932
晶華,400.00,1.67,+1.46%,00932
瑞儀,520.00,1.64,-0.08%,00932
廣達,"4,552.00",7.81,+0.32%,00934
長榮,"4,660.00",7.20,+0.64%,00934
緯穎,457.00,6.99,+1.04%,00934
聯發科,738.00,5.88,-0.92%,00934
華碩,"1,451.00",5.73,-0.01%,00934
漢唐,"1,579.00",5.58,+0.82%,00934
聯詠,"1,214.00",3.96,-0.33%,00934
瑞昱,962.00,3.29,-0.15%,00934
鈊象,589.00,3.14,-0.20%,00934
國巨,959.00,2.97,-0.03%,00934
萬海,"4,307.00",2.94,+0.52%,00934
材料*-KY,516.00,2.80,-0.15%,00934
群光,"2,584.00",2.76,+0.06%,00934
大立光,175.00,2.56,-0.13%,00934
群聯,785.00,2.51,+0.12%,00934
亞翔,"1,476.00",2.35,-0.02%,00934
聚陽,"1,261.00",2.20,-0.24%,00934
中美晶,"3,081.00",2.20,-0.12%,00934
聯強,"4,756.00",2.14,-0.16%,00934
玉晶光,713.00,1.77,-0.05%,00934
順達,"1,313.00",1.68,+0.14%,00934
復盛應用,731.00,1.62,-0.16%,00934
瑞儀,"1,695.00",1.58,-0.13%,00934
新普,612.00,1.45,0.00%,00934
洋基工程,462.00,1.28,+0.02%,00934
南寶,560.00,1.25,-0.05%,00934
群電,"1,452.00",1.17,+0.12%,00934
寶雅,346.00,1.10,-0.03%,00934
永信建,"1,194.00",0.97,-0.04%,00934
大聯大,"1,191.00",0.53,-0.01%,00934
全家,406.00,0.53,-0.04%,00934
健鼎,377.00,0.51,+0.04%,00934
樺漢,261.00,0.50,+0.03%,00934
聖暉*,208.00,0.50,-0.07%,00934
中租-KY,638.00,0.49,0.00%,00934
聯電,"1,658.00",0.49,-0.02%,00934
國產,"1,819.00",0.48,0.00%,00934
創見,737.00,0.48,-0.02%,00934
潤弘,414.00,0.47,-0.01%,00934
義隆,539.00,0.47,-0.01%,00934
崇越,284.00,0.47,0.00%,00934
群益證,"2,917.00",0.46,-0.05%,00934
頎邦,"1,125.00",0.46,-0.03%,00934
可成,347.00,0.46,-0.06%,00934
儒鴻,165.00,0.45,-0.02%,00934
力成,595.00,0.44,-0.01%,00934
至上,"1,340.00",0.42,-0.05%,00934
信邦,286.00,0.42,-0.01%,00934
東和鋼鐵,"1,030.00",0.42,-0.03%,00934
潤泰全,"1,253.00",0.40,-0.06%,00934
台積電,"2,594.00",29.92,+0.30%,00935
聯發科,999.00,15.01,-1.94%,00935
台達電,"1,397.00",6.23,+0.38%,00935
聯電,"7,748.00",4.32,-0.08%,00935
日月光投控,"2,169.00",3.57,-0.12%,00935
智邦,365.00,3.24,+0.51%,00935
緯創,"1,842.00",2.56,+0.21%,00935
聯詠,388.00,2.39,-0.14%,00935
瑞昱,322.00,2.08,-0.05%,00935
國巨,317.00,1.85,+0.02%,00935
光寶科,"1,421.00",1.72,+0.01%,00935
世芯-KY,50.00,1.68,+0.34%,00935
奇鋐,219.00,1.62,+0.34%,00935
鈊象,161.00,1.62,-0.06%,00935
力旺,45.00,1.29,-0.17%,00935
健策,69.00,1.12,+0.25%,00935
致茂,257.00,1.03,+0.09%,00935
英業達,"2,029.00",1.02,-0.01%,00935
信驊,20.00,0.94,+0.20%,00935
貿聯-KY,122.00,0.94,+0.11%,00935
矽力*-KY,225.00,0.94,-0.19%,00935
嘉澤,55.00,0.86,-0.01%,00935
京元電子,735.00,0.85,+0.04%,00935
創意,58.00,0.81,+0.06%,00935
祥碩,32.00,0.75,+0.06%,00935
世界,682.00,0.68,-0.09%,00935
金像電,213.00,0.66,+0.15%,00935
力成,466.00,0.65,+0.02%,00935
環球晶,168.00,0.63,-0.02%,00935
臻鼎-KY,423.00,0.52,0.00%,00935
旺矽,54.00,0.51,+0.07%,00935
華通,684.00,0.50,+0.02%,00935
華邦電,"2,037.00",0.43,+0.02%,00935
信邦,144.00,0.40,0.00%,00935
佳世達,"1,120.00",0.36,-0.01%,00935
啟,245.00,0.36,-0.03%,00935
頎邦,454.00,0.35,-0.01%,00935
雙鴻,49.00,0.33,+0.03%,00935
智原,148.00,0.31,-0.03%,00935
義隆,176.00,0.29,0.00%,00935
穩懋,264.00,0.27,-0.03%,00935
威盛,338.00,0.27,-0.04%,00935
中砂,77.00,0.26,+0.02%,00935
華新科,246.00,0.24,-0.01%,00935
家登,53.00,0.22,-0.02%,00935
精材,108.00,0.18,0.00%,00935
景碩,185.00,0.18,+0.01%,00935
群電,112.00,0.17,+0.02%,00935
采鈺,67.00,0.17,0.00%,00935
長科*,288.00,0.12,-0.01%,00935
群聯,"1,225.00",4.97,+0.36%,00936
可成,"2,780.00",4.68,-0.38%,00936
群光,"3,366.00",4.56,+0.20%,00936
力成,"4,521.00",4.24,+0.12%,00936
大聯大,"7,195.00",4.06,-0.02%,00936
亞翔,"1,995.00",4.03,+0.08%,00936
神基,"4,138.00",4.03,+0.31%,00936
群益證,"19,351.00",3.87,-0.35%,00936
裕民,"8,066.00",3.64,+0.09%,00936
京城銀,"9,039.00",3.63,-0.03%,00936
頎邦,"6,999.00",3.63,-0.10%,00936
技嘉,"1,641.00",3.63,+0.48%,00936
中興電,"2,948.00",3.58,+0.44%,00936
台燿,"2,597.00",3.57,+0.52%,00936
中租-KY,"3,614.00",3.52,+0.04%,00936
遠東新,"13,122.00",3.45,-0.17%,00936
世界,"4,910.00",3.29,-0.42%,00936
聚陽,"1,478.00",3.27,-0.25%,00936
長榮航,"9,773.00",3.20,+0.03%,00936
瑞儀,"2,554.00",3.02,-0.16%,00936
中華,"5,485.00",2.99,-0.30%,00936
創見,"3,621.00",2.99,-0.05%,00936
宏,"10,354.00",2.88,-0.16%,00936
國票金,"28,045.00",2.81,-0.04%,00936
至上,"6,338.00",2.52,-0.18%,00936
東和鋼鐵,"4,642.00",2.40,-0.12%,00936
群電,"2,016.00",2.06,+0.26%,00936
遠雄,"3,216.00",1.58,-0.04%,00936
統一證,"8,628.00",1.57,-0.13%,00936
全家,411.00,0.68,-0.04%,00936
長榮,"10,327.00",6.92,+0.91%,00939
中華電,"17,103.00",6.07,-1.23%,00939
台灣大,"18,788.00",5.87,-1.16%,00939
長榮航,"50,110.00",5.61,-0.24%,00939
玉山金,"64,773.00",5.29,-1.06%,00939
統一,"24,157.00",5.27,-0.92%,00939
貿聯-KY,"2,896.00",5.12,+0.56%,00939
鈊象,"2,073.00",4.79,-0.49%,00939
遠傳,"17,506.00",4.15,-2.37%,00939
聯電,"31,142.00",3.99,+0.36%,00939
日月光投控,"9,836.00",3.72,-0.45%,00939
和碩,"12,960.00",2.98,+0.17%,00939
遠東新,"32,150.00",2.89,-0.32%,00939
漢唐,"1,775.00",2.72,+0.47%,00939
世界,"11,523.00",2.64,-0.63%,00939
正新,"18,747.00",2.61,-0.31%,00939
聯詠,"1,478.00",2.09,-0.32%,00939
智易,"3,427.00",2.01,-0.22%,00939
瑞儀,"4,824.00",1.95,-0.11%,00939
亞翔,"2,157.00",1.49,+0.10%,00939
京元電子,"4,928.00",1.31,+0.07%,00939
裕民,"8,361.00",1.29,+0.01%,00939
東陽,"3,327.00",1.19,-0.14%,00939
慧洋-KY,"6,476.00",1.15,0.00%,00939
群光,"2,461.00",1.14,+0.65%,00939
中租-KY,"3,003.00",1.00,+0.33%,00939
東元,"6,578.00",0.95,+0.01%,00939
國泰金,"3,539.00",0.58,N/A,00939
健鼎,972.00,0.57,+0.06%,00939
陽明,"2,521.00",0.55,N/A,00939
中信金,"4,823.00",0.54,N/A,00939
欣銓,"2,487.00",0.52,-0.01%,00939
聯強,"2,614.00",0.51,-0.01%,00939
致伸,"2,386.00",0.51,0.00%,00939
大聯大,"2,643.00",0.51,0.00%,00939
華碩,280.00,0.48,N/A,00939
樺漢,566.00,0.47,+0.03%,00939
晶技,"1,625.00",0.42,+0.01%,00939
啟,"1,246.00",0.42,-0.06%,00939
中華,"2,254.00",0.42,-0.05%,00939
力成,"1,279.00",0.41,+0.01%,00939
至上,"2,648.00",0.36,-0.04%,00939
上海商銀,"2,822.00",0.36,-0.27%,00939
長榮鋼,"1,210.00",0.30,+0.01%,00939
台新金,"4,255.00",0.20,N/A,00939
矽格,284.00,0.06,N/A,00939
長榮,"44,650.00",8.50,+2.01%,00940
陽明,"96,325.00",5.97,N/A,00940
長榮航,"107,526.00",3.42,-0.72%,00940
群光,"25,307.00",3.33,+0.27%,00940
聯電,"85,164.00",3.10,+0.01%,00940
廣達,"13,908.00",2.94,+0.77%,00940
華碩,"5,939.00",2.89,-0.67%,00940
中信金,"87,404.00",2.78,-0.80%,00940
和碩,"41,025.00",2.68,+0.38%,00940
聯詠,"6,471.00",2.60,-1.18%,00940
健鼎,"15,304.00",2.55,+0.31%,00940
文曄,"26,101.00",2.52,+0.73%,00940
華航,"142,060.00",2.45,-0.68%,00940
瑞昱,"5,698.00",2.40,-0.48%,00940
可成,"14,311.00",2.34,-1.35%,00940
大聯大,"42,142.00",2.31,-0.01%,00940
東元,"55,321.00",2.27,-0.08%,00940
寶成,"86,857.00",2.11,+0.12%,00940
力成,"22,833.00",2.08,+0.14%,00940
兆豐金,"65,107.00",2.01,N/A,00940
東陽,"19,683.00",2.00,0.00%,00940
亞泥,"61,071.00",1.99,N/A,00940
第一金,"94,010.00",1.98,-0.12%,00940
鈊象,"2,971.00",1.95,-0.09%,00940
漢唐,"4,480.00",1.95,+0.36%,00940
萬海,"22,238.00",1.87,N/A,00940
統一,"29,849.00",1.85,N/A,00940
日月光投控,"16,938.00",1.82,+0.21%,00940
神基,"18,604.00",1.76,N/A,00940
群聯,"3,807.00",1.50,-0.65%,00940
義隆,"13,960.00",1.50,+0.06%,00940
啟,"13,783.00",1.32,-0.07%,00940
玉晶光,"4,281.00",1.31,+0.03%,00940
瑞儀,"9,926.00",1.14,+0.17%,00940
頎邦,"21,439.00",1.08,N/A,00940
美律,"10,660.00",1.05,+0.17%,00940
樺漢,"4,366.00",1.03,+0.12%,00940
矽格,"15,971.00",0.96,+0.03%,00940
富邦金,"14,844.00",0.92,-0.87%,00940
致伸,"14,655.00",0.89,+0.05%,00940
順達,"5,328.00",0.84,N/A,00940
聯發科,856.00,0.84,-2.26%,00940
億光,"12,796.00",0.81,+0.20%,00940
京鼎,"3,328.00",0.78,+0.17%,00940
晶技,"9,942.00",0.73,+0.19%,00940
天鈺,"4,002.00",0.67,0.00%,00940
潤泰全,"16,531.00",0.65,-0.60%,00940
台表科,"7,037.00",0.60,+0.22%,00940
帆宣,"4,083.00",0.55,N/A,00940
矽創,"2,952.00",0.50,N/A,00940
長榮,299.00,3.40,+0.37%,00944
陽明,849.00,3.14,N/A,00944
漢唐,120.00,3.12,+0.14%,00944
新普,166.00,2.89,N/A,00944
矽格,775.00,2.78,N/A,00944
復盛應用,171.00,2.78,+0.32%,00944
欣銓,784.00,2.78,N/A,00944
聯詠,113.00,2.71,+0.48%,00944
可成,277.00,2.70,+0.34%,00944
聯電,"1,239.00",2.69,N/A,00944
神基,470.00,2.65,N/A,00944
中信金,"1,381.00",2.62,-0.03%,00944
亞泥,"1,296.00",2.52,+0.10%,00944
瑞昱,99.00,2.49,N/A,00944
頎邦,805.00,2.42,+0.26%,00944
聯強,729.00,2.41,N/A,00944
兆豐金,"1,265.00",2.33,-0.04%,00944
台灣大,432.00,2.29,+0.10%,00944
寶雅,98.00,2.29,+0.23%,00944
上海商銀,"1,050.00",2.27,N/A,00944
中華電,374.00,2.25,N/A,00944
遠東新,"1,470.00",2.24,-0.26%,00944
遠傳,557.00,2.24,+0.16%,00944
群益證,"1,916.00",2.22,-0.26%,00944
聯發科,38.00,2.22,-0.20%,00944
創見,460.00,2.20,N/A,00944
華南金,"1,760.00",2.15,-0.56%,00944
南寶,131.00,2.15,N/A,00944
大成,710.00,2.10,+0.25%,00944
億光,551.00,2.08,-0.06%,00944
東和鋼鐵,648.00,1.94,+0.33%,00944
榮剛,964.00,1.93,N/A,00944
矽創,184.00,1.86,N/A,00944
大江,292.00,1.72,N/A,00944
晶技,381.00,1.67,-0.27%,00944
瑞鼎,93.00,1.48,N/A,00944
榮運,691.00,1.11,+0.26%,00944
敦陽科,144.00,1.11,N/A,00944
東洋,286.00,1.00,+0.29%,00944
可寧衛,107.00,0.96,+0.20%,00944
威健,615.00,0.94,N/A,00944
卜蜂,180.00,0.93,+0.10%,00944
統一實,964.00,0.92,N/A,00944
超豐,344.00,0.91,N/A,00944
櫻花,205.00,0.81,N/A,00944
興農,391.00,0.78,N/A,00944
王道銀行,"1,707.00",0.75,-0.05%,00944
長科*,456.00,0.74,N/A,00944
葡萄王,109.00,0.68,-0.12%,00944
中碳,138.00,0.61,N/A,00944
聯電,"19,286.00",9.03,+0.05%,00946
聯詠,"1,399.00",7.23,-2.64%,00946
聯發科,455.00,5.74,-4.22%,00946
群聯,"1,109.00",5.62,-2.19%,00946
漢唐,822.00,4.60,+0.82%,00946
世界,"5,410.00",4.53,-3.09%,00946
可成,"2,111.00",4.44,+0.48%,00946
群光,"2,428.00",4.11,+0.29%,00946
中美晶,"2,783.00",3.15,+0.01%,00946
華碩,492.00,3.08,N/A,00946
欣銓,"3,939.00",3.01,+0.76%,00946
環球晶,941.00,2.97,-1.75%,00946
瑞儀,"1,699.00",2.51,-0.12%,00946
亞翔,979.00,2.47,+1.92%,00946
新普,628.00,2.36,-0.06%,00946
大聯大,"3,092.00",2.18,-1.21%,00946
精成科,"2,465.00",2.14,+0.56%,00946
力成,"1,639.00",1.92,+0.13%,00946
義隆,"1,165.00",1.61,+0.58%,00946
順達,754.00,1.53,N/A,00946
致伸,"1,715.00",1.34,-0.21%,00946
聯陽,962.00,1.30,-0.20%,00946
聯強,"1,655.00",1.18,+0.67%,00946
美律,876.00,1.11,+0.52%,00946
矽創,459.00,1.00,+0.13%,00946
瑞鼎,266.00,0.91,-0.12%,00946
群電,658.00,0.84,+0.16%,00946
威剛,764.00,0.71,N/A,00946
至上,"1,369.00",0.68,-0.45%,00946
致新,298.00,0.67,+0.03%,00946
威健,"2,033.00",0.67,-0.23%,00946
健鼎,266.00,0.57,+0.07%,00946
智易,266.00,0.57,-0.10%,00946
億光,700.00,0.57,+0.01%,00946
天鈺,260.00,0.56,+0.09%,00946
矽格,660.00,0.51,N/A,00946
南茂,"1,688.00",0.48,-0.24%,00946
信錦,606.00,0.47,+0.01%,00946
晶技,487.00,0.46,+0.05%,00946
和碩,536.00,0.45,0.00%,00946
威強電,520.00,0.44,+0.02%,00946
頎邦,648.00,0.42,N/A,00946
宜鼎,170.00,0.40,-0.24%,00946
中華電,293.00,0.38,-0.24%,00946
台灣大,315.00,0.36,-0.22%,00946
碩天,139.00,0.36,N/A,00946
遠傳,369.00,0.32,-0.19%,00946
信邦,133.00,0.31,-0.16%,00946
凡甲,123.00,0.28,-0.20%,00946
精誠,240.00,0.28,-0.19%,00946
超豐,456.00,0.26,-0.14%,00946
茂達,159.00,0.26,N/A,00946
耕興,136.00,0.25,+0.01%,00946
正文,901.00,0.24,-0.18%,00946
日電貿,284.00,0.22,-0.07%,00946
台勝科,283.00,0.21,-0.16%,00946
達方,512.00,0.19,-0.13%,00946
藍天,383.00,0.19,N/A,00946
臻鼎-KY,165.00,0.17,N/A,00946
台虹,362.00,0.17,N/A,00946
良維,176.00,0.17,N/A,00946
瑞昱,31.00,0.17,N/A,00946
僑威,206.00,0.17,N/A,00946
神基,140.00,0.17,N/A,00946
崇越,65.00,0.17,N/A,00946
京鼎,56.00,0.17,N/A,00946
立端,199.00,0.16,N/A,00946
飛捷,142.00,0.16,N/A,00946
敬鵬,387.00,0.13,N/A,00946
洋基工程,61.00,2.39,+0.12%,00943
可成,127.00,2.38,-0.17%,00943
群光,157.00,2.37,+0.13%,00943
日電貿,336.00,2.32,+0.31%,00943
創見,251.00,2.31,-0.02%,00943
聯電,541.00,2.26,-0.01%,00943
全科,669.00,2.26,-0.12%,00943
聯詠,48.00,2.23,-0.10%,00943
矽創,115.00,2.23,-0.03%,00943
宜鼎,105.00,2.21,-0.06%,00943
瑞昱,46.00,2.20,0.00%,00943
台表科,224.00,2.19,+0.07%,00943
頎邦,372.00,2.15,-0.04%,00943
大聯大,337.00,2.12,+0.01%,00943
順達,117.00,2.11,+0.24%,00943
致伸,303.00,2.11,+0.02%,00943
力成,198.00,2.07,+0.08%,00943
久元,376.00,2.06,-0.09%,00943
新普,61.00,2.03,+0.07%,00943
聯強,319.00,2.03,-0.07%,00943
長華*,468.00,2.02,+0.16%,00943
威健,681.00,2.00,-0.07%,00943
南電,211.00,1.98,+0.05%,00943
致新,98.00,1.97,-0.04%,00943
聯發科,18.00,1.97,-0.22%,00943
聯陽,163.00,1.96,+0.01%,00943
耕興,117.00,1.91,+0.10%,00943
金居,392.00,1.91,+0.18%,00943
世界,256.00,1.91,-0.22%,00943
天鈺,99.00,1.91,-0.12%,00943
晶技,226.00,1.90,+0.05%,00943
南茂,749.00,1.90,+0.07%,00943
瑞鼎,62.00,1.88,+0.02%,00943
臺慶科,198.00,1.86,+0.11%,00943
朋億*,124.00,1.85,-0.11%,00943
和碩,247.00,1.85,0.00%,00943
廣積,334.00,1.85,-0.03%,00943
松翰,568.00,1.83,0.00%,00943
富鼎,252.00,1.81,+0.09%,00943
華立,188.00,1.81,+0.16%,00943
新巨,370.00,1.80,-0.02%,00943
台郡,362.00,1.75,+0.05%,00943
精元,373.00,1.75,-0.06%,00943
達方,514.00,1.70,-0.10%,00943
瑞儀,124.00,1.64,-0.06%,00943
至上,370.00,1.64,-0.10%,00943
佳世達,648.00,1.56,-0.04%,00943
敦泰,269.00,1.50,-0.05%,00943
由田,188.00,1.44,-0.19%,00943
昇佳電子,83.00,1.31,-0.08%,00943
台達電,650.00,9.68,+0.83%,00947
瑞昱,436.00,9.40,-0.02%,00947
聯詠,443.00,9.11,-1.13%,00947
聯發科,173.00,8.68,-2.02%,00947
矽力*-KY,544.00,7.59,+3.05%,00947
信驊,46.00,7.22,+3.34%,00947
祥碩,76.00,5.92,+1.44%,00947
群聯,270.00,5.44,+3.42%,00947
華邦電,"4,949.00",3.49,+3.35%,00947
南亞科,"1,868.00",3.39,+3.28%,00947
譜瑞-KY,117.00,2.69,+0.56%,00947
旺宏,"2,830.00",2.43,+2.30%,00947
愛普*,214.00,2.39,+0.99%,00947
義隆,426.00,2.34,+1.29%,00947
原相,216.00,1.90,+0.08%,00947
達發,87.00,1.79,+0.11%,00947
矽創,152.00,1.32,+0.61%,00947
矽統,672.00,1.28,+0.01%,00947
聯陽,190.00,1.02,-0.15%,00947
奕力-KY,416.00,0.95,+0.83%,00947
創惟,142.00,0.95,+0.19%,00947
致新,103.00,0.92,+0.19%,00947
世紀*,386.00,0.87,N/A,00947
天鈺,95.00,0.81,-0.07%,00947
力智,90.00,0.71,+0.02%,00947
茂達,108.00,0.70,+0.59%,00947
凌陽,552.00,0.44,-0.12%,00947
富鼎,125.00,0.40,+0.04%,00947
偉詮電,183.00,0.35,+0.14%,00947
盛群,141.00,0.26,-0.18%,00947
瑞鼎,16.00,0.22,-1.03%,00947
凌陽創新,41.00,0.21,N/A,00947
亞信,58.00,0.21,N/A,00947
九暘,66.00,0.16,N/A,00947
金麗科,15.00,0.11,-0.02%,00947
新唐,34.00,0.10,+0.01%,00947
威鋒電子,23.00,0.10,+0.01%,00947
安國,33.00,0.10,+0.02%,00947
敦泰,40.00,0.10,-0.68%,00947
晶豪科,48.00,0.10,0.00%,00947
立積,18.00,0.09,-0.60%,00947
威盛,34.00,0.09,-1.10%,00947
神盾,24.00,0.09,-0.38%,00947
博盛半導體,17.00,0.09,N/A,00947
晶焱,30.00,0.09,-0.01%,00947
晶宏,39.00,0.09,N/A,00947
力領科技,14.00,0.09,N/A,00947
鈺太,11.00,0.09,-0.03%,00947
昇佳電子,13.00,0.09,+0.01%,00947
鈺創,78.00,0.08,-0.03%,00947
緯穎,58.00,4.62,+1.18%,00952
台光電,188.00,4.60,+1.64%,00952
技嘉,472.00,4.25,+2.38%,00952
緯創,"1,089.00",4.14,+0.09%,00952
廣達,459.00,4.07,+0.37%,00952
光寶科,"1,171.00",3.88,-0.27%,00952
鴻海,760.00,3.87,N/A,00952
和碩,"1,380.00",3.78,+0.08%,00952
聯電,"2,457.00",3.75,-0.66%,00952
英業達,"2,696.00",3.71,+1.83%,00952
建準,627.00,2.13,+1.15%,00952
群電,490.00,2.04,N/A,00952
威剛,647.00,1.96,+0.78%,00952
金寶,"2,778.00",1.95,N/A,00952
京鼎,197.00,1.94,N/A,00952
愛普*,211.00,1.93,+0.09%,00952
創見,568.00,1.91,-0.55%,00952
信邦,250.00,1.90,-0.02%,00952
譜瑞-KY,100.00,1.88,N/A,00952
達發,109.00,1.83,-0.20%,00952
佳世達,"2,057.00",1.81,+0.21%,00952
宜鼎,235.00,1.80,+0.48%,00952
崇越,209.00,1.79,0.00%,00952
啟,436.00,1.75,-0.78%,00952
世界,612.00,1.67,N/A,00952
聯茂,508.00,1.46,N/A,00952
達興材料,194.00,1.33,N/A,00952
華泰,"1,032.00",1.27,N/A,00952
海韻電,515.00,1.27,N/A,00952
僑威,442.00,1.19,-0.46%,00952
康普,748.00,1.17,+0.35%,00952
全漢,582.00,1.17,+0.29%,00952
帆宣,207.00,1.17,-0.28%,00952
三福化,320.00,1.15,+0.01%,00952
偉訓,502.00,1.14,-0.09%,00952
中環,"4,201.00",1.13,+0.39%,00952
廣宇,903.00,1.13,-0.19%,00952
明基材,"1,377.00",1.11,+0.34%,00952
友輝,398.00,1.09,-0.56%,00952
亞信,367.00,1.08,-0.21%,00952
台星科,351.00,1.08,N/A,00952
明泰,"1,134.00",1.07,+0.10%,00952
新巨,601.00,1.07,+0.18%,00952
台虹,700.00,1.07,N/A,00952
普安,"1,321.00",1.02,+0.20%,00952
力致,288.00,1.01,N/A,00952
是方,74.00,1.01,+0.04%,00952
艾訊,332.00,1.00,-0.38%,00952
力特,"1,062.00",1.00,-0.14%,00952
晶呈科技,226.00,0.80,N/A,00952
長榮,194.00,9.31,+6.32%,00961
陽明,503.00,7.86,N/A,00961
群光,167.00,5.54,+1.83%,00961
健鼎,122.00,5.13,+2.02%,00961
台新金,"1,500.00",5.05,N/A,00961
聯強,354.00,4.95,+2.26%,00961
長榮航,613.00,4.92,+2.03%,00961
華碩,40.00,4.91,N/A,00961
遠東新,725.00,4.67,+2.36%,00961
和碩,280.00,4.61,+2.01%,00961
文曄,188.00,4.58,N/A,00961
群聯,46.00,4.57,N/A,00961
凱基金,"1,334.00",4.53,N/A,00961
可成,51.00,2.10,-2.67%,00961
慧洋-KY,156.00,1.98,N/A,00961
瑞儀,67.00,1.94,-1.11%,00961
聚陽,35.00,1.90,-1.49%,00961
新普,24.00,1.77,-2.74%,00961
力成,74.00,1.70,-1.92%,00961
聯電,178.00,1.63,-3.14%,00961
群益證,329.00,1.61,N/A,00961
寶成,256.00,1.57,N/A,00961
聯詠,15.00,1.52,-3.48%,00961
大聯大,103.00,1.42,-1.74%,00961
光寶科,70.00,1.39,-1.55%,00961
正新,137.00,1.37,-1.20%,00961
世界,83.00,1.36,-2.28%,00961
中租-KY,56.00,1.34,-2.26%,00961
宏,188.00,1.28,-1.55%,00961
亞泥,155.00,1.27,-2.28%,00961
富邦金,"5,123.00",15.11,-1.19%,00938
中信金,"9,342.00",14.14,+0.09%,00938
國泰金,"5,122.00",11.35,+0.40%,00938
聯電,"6,050.00",10.48,-0.20%,00938
元大金,"6,594.00",7.66,+0.08%,00938
凱基金,"9,734.00",6.24,+0.14%,00938
永豐金,"7,314.00",6.22,+0.21%,00938
長榮航,"2,689.00",4.07,+0.07%,00938
中租-KY,897.00,4.04,+0.17%,00938
聯強,769.00,2.03,-0.13%,00938
寶成,"1,635.00",1.89,-0.14%,00938
華航,"2,169.00",1.78,+0.04%,00938
中美晶,342.00,1.43,-0.02%,00938
群益證,"1,266.00",1.17,-0.08%,00938
京城銀,571.00,1.06,+0.01%,00938
大成,445.00,1.05,+0.10%,00938
三陽工業,398.00,1.04,-0.04%,00938
復盛應用,75.00,0.97,+0.03%,00938
矽格,245.00,0.70,+0.06%,00938
創見,170.00,0.65,+0.04%,00938
東和鋼鐵,264.00,0.63,+0.01%,00938
億光,169.00,0.51,+0.03%,00938
欣銓,159.00,0.45,+0.01%,00938
矽創,55.00,0.44,+0.02%,00938
華立,105.00,0.42,+0.04%,00938
新產,108.00,0.42,+0.01%,00938
超豐,180.00,0.38,+0.01%,00938
王道銀行,998.00,0.35,+0.01%,00938
統一證,404.00,0.34,-0.01%,00938
中鼎,282.00,0.28,-0.01%,00938
廣達,179.00,5.88,N/A,00962
緯穎,18.00,5.27,+0.83%,00962
華碩,69.00,5.22,-3.65%,00962
京元電子,372.00,4.37,-0.11%,00962
技嘉,129.00,4.31,-0.50%,00962
緯創,298.00,4.20,-1.89%,00962
鴻海,209.00,3.94,+0.49%,00962
世界,390.00,3.94,+2.12%,00962
聯詠,60.00,3.75,+2.04%,00962
英業達,712.00,3.63,+0.54%,00962
聯發科,22.00,3.35,-1.28%,00962
宏,715.00,3.00,+1.13%,00962
微星,166.00,2.86,-0.37%,00962
啟,180.00,2.68,+1.96%,00962
研華,64.00,2.65,+0.79%,00962
遠傳,224.00,2.34,-1.06%,00962
義隆,131.00,2.19,-0.18%,00962
譜瑞-KY,31.00,2.16,-0.73%,00962
聖暉*,47.00,2.16,-0.74%,00962
士電,99.00,2.14,N/A,00962
東元,318.00,2.03,-0.24%,00962
樺漢,52.00,1.91,+0.14%,00962
欣銓,194.00,1.79,+0.74%,00962
原相,64.00,1.71,N/A,00962
美律,111.00,1.70,-0.06%,00962
金寶,631.00,1.64,N/A,00962
精誠,114.00,1.61,+0.52%,00962
建準,121.00,1.52,+0.08%,00962
萬潤,40.00,1.50,N/A,00962
勤誠,35.00,1.37,N/A,00962
和泰車,15.00,1.16,N/A,00962
佳世達,331.00,1.08,-0.55%,00962
裕隆,219.00,0.97,-0.43%,00962
群電,58.00,0.89,-0.05%,00962
華擎,29.00,0.75,0.00%,00962
敦陽科,35.00,0.70,N/A,00962
南茂,201.00,0.69,-0.09%,00962
聯華,99.00,0.54,N/A,00962
敦泰,69.00,0.52,N/A,00962
中保科,32.00,0.46,-0.14%,00962
超豐,65.00,0.45,-0.02%,00962
綠界科技*,63.00,0.41,-0.05%,00962
佳邦,47.00,0.41,-0.04%,00962
是方,8.00,0.40,-0.55%,00962
訊連,25.00,0.34,N/A,00962
普安,112.00,0.32,-0.06%,00962
新盛力,30.00,0.31,N/A,00962
緯軟,26.00,0.31,+0.12%,00962
明泰,72.00,0.25,-0.19%,00962
普萊德,8.00,0.15,-0.26%,00962
台積電,528.00,29.87,+0.10%,009803
鴻海,855.00,7.80,+0.29%,009803
聯發科,98.00,7.22,-1.00%,009803
富邦金,"1,050.00",4.89,-0.61%,009803
台達電,159.00,3.48,+0.19%,009803
國泰金,909.00,3.18,-0.13%,009803
智邦,71.00,3.09,+0.45%,009803
廣達,167.00,2.65,+0.18%,009803
長榮航,"1,034.00",2.47,-0.01%,009803
長榮,164.00,2.34,+0.23%,009803
貿聯-KY,61.00,2.30,+0.27%,009803
中信金,938.00,2.24,-0.05%,009803
華碩,61.00,2.23,+0.04%,009803
兆豐金,819.00,1.90,-0.03%,009803
致茂,92.00,1.81,+0.13%,009803
材料*-KY,35.00,1.76,-0.09%,009803
漢唐,53.00,1.73,+0.26%,009803
川湖,13.00,1.56,+0.08%,009803
京元電子,271.00,1.54,+0.08%,009803
華航,"1,189.00",1.54,-0.01%,009803
億豐,61.00,1.54,+0.06%,009803
台灣大,193.00,1.29,-0.07%,009803
穎崴,19.00,1.23,+0.23%,009803
寶成,597.00,1.09,-0.12%,009803
日月光投控,133.00,1.07,-0.05%,009803
保瑞,20.00,0.90,+0.02%,009803
陽明,165.00,0.77,+0.07%,009803
台光電,17.00,0.74,+0.14%,009803
緯創,106.00,0.72,+0.06%,009803
國產,283.00,0.69,0.00%,009803
大立光,5.00,0.68,+0.04%,009803
崇越,41.00,0.63,+0.01%,009803
復盛應用,28.00,0.57,-0.05%,009803
嘉澤,4.00,0.31,-0.04%,009803
旭隼,2.00,0.16,-0.01%,009803
緯穎,1.00,0.14,+0.03%,009803
祥碩,1.00,0.11,+0.02%,009803
奇鋐,1.00,0.04,+0.01%,009803
聯詠,1.00,0.03,0.00%,009803
瑞昱,1.00,0.03,0.00%,009803
國巨,1.00,0.03,0.00%,009803
技嘉,1.00,0.02,+0.01%,009803
玉晶光,1.00,0.02,0.00%,009803
文曄,1.00,0.01,0.00%,009803
健鼎,1.00,0.01,0.00%,009803
永豐金,7.00,0.01,0.00%,009803
聯強,2.00,0.01,0.00%,009803
群光,1.00,0.01,0.00%,009803
瑞儀,1.00,0.01,0.00%,009803
和碩,2.00,0.01,0.00%,009803
聯發科,"1,566.00",14.86,-1.48%,009802
中信金,"18,526.00",5.70,+0.07%,009802
富邦金,"8,723.00",5.23,-0.45%,009802
台達電,"1,810.00",5.10,+0.43%,009802
長榮,"2,688.00",4.95,+0.66%,009802
聯電,"14,029.00",4.94,+0.04%,009802
華碩,971.00,4.57,+0.22%,009802
國泰金,"8,992.00",4.05,-0.01%,009802
玉山金,"14,301.00",3.21,+0.08%,009802
凱基金,"23,407.00",3.05,+0.06%,009802
元大金,"12,832.00",3.03,-0.05%,009802
緯創,"3,385.00",2.97,+0.32%,009802
日月光投控,"2,578.00",2.68,-0.02%,009802
統一,"4,103.00",2.46,+0.03%,009802
研華,908.00,2.34,-0.03%,009802
健鼎,"1,427.00",2.30,+0.27%,009802
台塑化,"7,756.00",2.22,+0.13%,009802
南亞,"9,917.00",2.14,-0.21%,009802
東陽,"1,913.00",1.88,-0.06%,009802
樺漢,780.00,1.78,+0.17%,009802
文曄,"1,820.00",1.70,+0.06%,009802
宏全,"1,463.00",1.62,-0.12%,009802
材料*-KY,233.00,1.51,0.00%,009802
國巨,390.00,1.44,+0.05%,009802
群光,"1,076.00",1.37,+0.09%,009802
穩懋,"2,029.00",1.31,-0.11%,009802
寶成,"5,106.00",1.20,-0.09%,009802
可成,702.00,1.11,-0.07%,009802
台燿,821.00,1.06,+0.20%,009802
臺企銀,"9,451.00",1.05,+0.02%,009802
仁寶,"4,794.00",1.04,+0.02%,009802
家登,307.00,0.81,-0.07%,009802
大成,"1,647.00",0.79,+0.03%,009802
合庫金,"3,706.00",0.67,-0.02%,009802
遠東新,"2,712.00",0.67,-0.02%,009802
美利達,672.00,0.60,-0.09%,009802
義隆,423.00,0.44,+0.01%,009802
群益證,"2,129.00",0.40,-0.03%,009802
復盛應用,98.00,0.26,-0.01%,009802
亞泥,412.00,0.13,-0.01%,009802
東元,151.00,0.06,0.00%,009802
愛普*,28.00,0.06,+0.01%,009802
崇越,30.00,0.06,+0.01%,009802
中保科,67.00,0.06,0.00%,009802
景碩,81.00,0.05,0.00%,009802
潤泰新,222.00,0.05,0.00%,009802
南電,63.00,0.05,0.00%,009802
玉晶光,17.00,0.05,0.00%,009802
鴻準,110.00,0.05,0.00%,009802
美時,28.00,0.05,0.00%,009802
台積電,417.00,30.55,+0.31%,009804
聯發科,76.00,7.28,-0.93%,009804
鴻海,613.00,7.25,+0.32%,009804
台達電,111.00,3.15,+0.19%,009804
廣達,136.00,2.80,+0.21%,009804
中信金,843.00,2.61,-0.03%,009804
富邦金,418.00,2.52,-0.29%,009804
國泰金,472.00,2.14,-0.07%,009804
聯電,604.00,2.14,-0.04%,009804
中華電,196.00,1.92,-0.10%,009804
兆豐金,606.00,1.82,0.00%,009804
玉山金,779.00,1.76,0.00%,009804
日月光投控,165.00,1.73,-0.06%,009804
華碩,36.00,1.71,+0.04%,009804
統一,247.00,1.49,-0.02%,009804
智邦,26.00,1.44,+0.23%,009804
元大金,585.00,1.39,-0.06%,009804
緯創,139.00,1.23,+0.10%,009804
聯詠,30.00,1.17,-0.06%,009804
第一金,542.00,1.11,+0.01%,009804
凱基金,809.00,1.06,-0.01%,009804
永豐金,604.00,1.05,+0.02%,009804
長榮,56.00,1.04,+0.12%,009804
瑞昱,24.00,1.00,-0.02%,009804
緯穎,5.00,0.95,+0.16%,009804
合庫金,522.00,0.95,-0.06%,009804
華南金,467.00,0.93,-0.08%,009804
國巨,25.00,0.91,+0.01%,009804
中鋼,581.00,0.87,-0.09%,009804
大立光,5.00,0.86,-0.02%,009804
光寶科,109.00,0.84,0.00%,009804
世芯-KY,4.00,0.81,+0.16%,009804
和泰車,17.00,0.81,-0.02%,009804
台新金,608.00,0.79,-0.02%,009804
台泥,342.00,0.76,-0.05%,009804
奇鋐,15.00,0.72,+0.14%,009804
中租-KY,76.00,0.70,0.00%,009804
上海商銀,193.00,0.68,-0.04%,009804
和碩,104.00,0.66,-0.01%,009804
台灣大,75.00,0.65,-0.04%,009804
研華,23.00,0.60,-0.02%,009804
遠傳,90.00,0.59,-0.03%,009804
南亞,267.00,0.58,-0.07%,009804
萬海,70.00,0.57,+0.11%,009804
欣興,66.00,0.53,+0.03%,009804
統一超,27.00,0.52,-0.04%,009804
陽明,86.00,0.52,+0.05%,009804
台塑,190.00,0.50,-0.02%,009804
藥華藥,13.00,0.49,-0.05%,009804
台塑化,69.00,0.20,0.00%,009804
鴻海,719.00,5.33,+1.86%,00980A
台積電,116.00,5.33,+1.51%,00980A
聯發科,89.00,5.33,+2.00%,00980A
華碩,149.00,4.42,N/A,00980A
富邦金,986.00,3.73,+0.58%,00980A
健鼎,335.00,3.41,N/A,00980A
矽創,319.00,3.30,+1.85%,00980A
廣達,250.00,3.23,+0.77%,00980A
台達電,176.00,3.13,+0.47%,00980A
新普,171.00,3.05,N/A,00980A
中信金,"1,504.00",2.92,+0.91%,00980A
致伸,769.00,2.85,N/A,00980A
崇越,225.00,2.80,N/A,00980A
大聯大,831.00,2.78,N/A,00980A
寶雅,113.00,2.70,N/A,00980A
智邦,73.00,2.58,+1.12%,00980A
億光,582.00,2.25,N/A,00980A
旺矽,51.00,1.93,N/A,00980A
緯穎,15.00,1.72,N/A,00980A
台光電,48.00,1.71,N/A,00980A
光聖,75.00,1.65,N/A,00980A
鈊象,38.00,1.52,N/A,00980A
弘塑,26.00,1.47,N/A,00980A
瑞昱,56.00,1.44,N/A,00980A
貿聯-KY,43.00,1.32,N/A,00980A
健策,20.00,1.29,N/A,00980A
川湖,13.00,1.27,N/A,00980A
致茂,68.00,1.08,N/A,00980A
台虹,485.00,1.08,-0.35%,00980A
力旺,9.00,1.03,N/A,00980A
華航,941.00,0.99,N/A,00980A
台灣虎航,208.00,0.95,N/A,00980A
奇鋐,32.00,0.94,N/A,00980A
東陽,145.00,0.90,N/A,00980A
聯鈞,97.00,0.88,N/A,00980A
復盛應用,53.00,0.88,N/A,00980A
原相,82.00,0.86,N/A,00980A
統一實,870.00,0.85,N/A,00980A
藥華藥,34.00,0.81,N/A,00980A
昇陽半導體,116.00,0.77,N/A,00980A
昇達科,47.00,0.75,N/A,00980A
順達,77.00,0.74,N/A,00980A
振樺電,43.00,0.66,N/A,00980A
凡甲,60.00,0.65,N/A,00980A
是方,32.00,0.63,N/A,00980A
台燿,67.00,0.55,N/A,00980A
富采,263.00,0.44,N/A,00980A
達興材料,44.00,0.44,N/A,00980A
宏資訊,38.00,0.43,N/A,00980A
宏致,168.00,0.42,N/A,00980A
美食-KY,48.00,0.21,N/A,00980A
台積電,509.00,29.87,N/A,009808
鴻海,776.00,7.35,N/A,009808
聯發科,96.00,7.34,N/A,009808
台達電,135.00,3.06,N/A,009808
富邦金,631.00,3.05,N/A,009808
廣達,176.00,2.90,N/A,009808
中信金,"1,138.00",2.82,N/A,009808
中華電,323.00,2.54,N/A,009808
國泰金,623.00,2.26,N/A,009808
聯電,751.00,2.13,N/A,009808
長榮,126.00,1.87,N/A,009808
玉山金,"1,006.00",1.82,N/A,009808
日月光投控,210.00,1.76,N/A,009808
華碩,44.00,1.67,N/A,009808
智邦,35.00,1.58,N/A,009808
元大金,789.00,1.50,N/A,009808
統一,306.00,1.48,N/A,009808
緯創,178.00,1.26,N/A,009808
聯詠,37.00,1.16,N/A,009808
凱基金,"1,057.00",1.11,N/A,009808
永豐金,790.00,1.10,N/A,009808
華南金,664.00,1.06,N/A,009808
緯穎,7.00,1.03,N/A,009808
瑞昱,31.00,1.02,N/A,009808
台灣大,143.00,0.99,N/A,009808
萬海,150.00,0.98,N/A,009808
台光電,20.00,0.91,N/A,009808
光寶科,136.00,0.84,N/A,009808
大立光,6.00,0.84,N/A,009808
遠傳,156.00,0.82,N/A,009808
台泥,444.00,0.79,N/A,009808
長榮航,294.00,0.73,N/A,009808
陽明,151.00,0.73,N/A,009808
中租-KY,98.00,0.72,N/A,009808
和碩,130.00,0.66,N/A,009808
技嘉,34.00,0.57,N/A,009808
統一超,36.00,0.56,N/A,009808
英業達,195.00,0.50,N/A,009808
藥華藥,16.00,0.49,N/A,009808
仁寶,263.00,0.46,N/A,009808
亞德客-KY,8.00,0.45,N/A,009808
亞泥,165.00,0.42,N/A,009808
群光,40.00,0.41,N/A,009808
嘉澤,5.00,0.40,N/A,009808
健鼎,31.00,0.40,N/A,009808
微星,43.00,0.37,N/A,009808
正新,117.00,0.36,N/A,009808
華城,13.00,0.36,N/A,009808
大同,134.00,0.34,N/A,009808
寶成,174.00,0.33,N/A,009808
台積電,306.00,7.85,N/A,00982A
京元電子,"1,306.00",3.36,N/A,00982A
昇陽半導體,889.00,3.30,N/A,00982A
群創,"10,013.00",3.24,N/A,00982A
嘉澤,90.00,3.14,N/A,00982A
富世達,191.00,2.95,N/A,00982A
中信金,"2,686.00",2.91,N/A,00982A
達麗,"2,149.00",2.85,N/A,00982A
陽明,"1,331.00",2.81,N/A,00982A
元大金,"3,343.00",2.78,N/A,00982A
廣達,367.00,2.64,N/A,00982A
聯茂,"1,045.00",2.44,N/A,00982A
信驊,22.00,2.30,N/A,00982A
勤誠,265.00,2.27,N/A,00982A
精測,96.00,2.27,N/A,00982A
AES-KY,83.00,2.27,N/A,00982A
台光電,113.00,2.24,N/A,00982A
緯創,699.00,2.16,N/A,00982A
振樺電,252.00,2.16,N/A,00982A
貿聯-KY,125.00,2.14,N/A,00982A
矽力*-KY,231.00,2.14,N/A,00982A
智邦,107.00,2.11,N/A,00982A
奇鋐,127.00,2.09,N/A,00982A
川湖,38.00,2.07,N/A,00982A
致茂,230.00,2.05,N/A,00982A
台達電,207.00,2.05,N/A,00982A
緯穎,32.00,2.05,N/A,00982A
建準,743.00,2.05,N/A,00982A
文曄,614.00,2.02,N/A,00982A
帆宣,438.00,2.01,N/A,00982A
神達,"1,263.00",2.00,N/A,00982A
鴻海,481.00,1.99,N/A,00982A
威健,"2,235.00",1.95,N/A,00982A
創惟,415.00,1.85,N/A,00982A
健策,44.00,1.58,N/A,00982A
光寶科,442.00,1.19,N/A,00982A
英業達,"1,020.00",1.14,N/A,00982A
欣興,359.00,1.01,N/A,00982A
LINEPAY,5.00,0.08,N/A,00982A
華固,13.00,0.04,N/A,00982A
台積電,263.00,9.31,N/A,00981A
廣達,527.00,5.24,N/A,00981A
緯創,"1,093.00",4.66,N/A,00981A
智邦,170.00,4.64,N/A,00981A
奇鋐,182.00,4.13,N/A,00981A
中信金,"2,361.00",3.53,N/A,00981A
華碩,154.00,3.52,N/A,00981A
健策,71.00,3.52,N/A,00981A
貿聯-KY,142.00,3.35,N/A,00981A
勤誠,256.00,3.03,N/A,00981A
台光電,104.00,2.85,N/A,00981A
嘉澤,55.00,2.65,N/A,00981A
旺矽,86.00,2.50,N/A,00981A
金像電,237.00,2.26,N/A,00981A
欣銓,777.00,2.17,N/A,00981A
台達電,148.00,2.03,N/A,00981A
聯發科,43.00,1.98,N/A,00981A
鴻海,341.00,1.95,N/A,00981A
健鼎,225.00,1.76,N/A,00981A
台表科,422.00,1.69,N/A,00981A
陽明,570.00,1.66,N/A,00981A
台燿,264.00,1.66,N/A,00981A
亞翔,167.00,1.54,N/A,00981A
大成,660.00,1.54,N/A,00981A
振曜,343.00,1.50,N/A,00981A
世芯-KY,14.00,1.44,N/A,00981A
玉山金,"1,274.00",1.39,N/A,00981A
緯穎,15.00,1.33,N/A,00981A
聯詠,64.00,1.21,N/A,00981A
漢唐,58.00,1.19,N/A,00981A
精測,33.00,1.08,N/A,00981A
神達,490.00,1.07,N/A,00981A
信驊,7.00,1.01,N/A,00981A
保瑞,35.00,0.99,N/A,00981A
元太,104.00,0.81,N/A,00981A
大立光,9.00,0.76,N/A,00981A
國巨,42.00,0.75,N/A,00981A
台灣虎航,193.00,0.68,N/A,00981A
晶技,180.00,0.62,N/A,00981A
優群,101.00,0.57,N/A,00981A
新日興,79.00,0.52,N/A,00981A
瑞昱,24.00,0.48,N/A,00981A
樺漢,43.00,0.48,N/A,00981A
長榮航,301.00,0.45,N/A,00981A
川湖,5.00,0.38,N/A,00981A
美律,63.00,0.29,N/A,00981A
兆豐金,131.00,0.19,N/A,00981A
京元電子,54.00,0.19,N/A,00981A
茂達,32.00,0.19,N/A,00981A
台灣大,43.00,0.18,N/A,00981A
