出表日期,資料年月,公司代號,公司名稱,產業別,營業收入-當月營收,營業收入-上月營收,營業收入-去年當月營收,營業收入-上月比較增減(%),營業收入-去年同月增減(%),累計營業收入-當月累計營收,累計營業收入-去年累計營收,累計營業收入-前期比較增減(%),備註
"1150514","11504","1260","富味鄉","食品工業","475612","466521","460468","1.948679695019088","3.288827888148579","1780095","1782245","-0.12063436845102665","-"
"1150514","11504","1269","乾杯","觀光餐旅","363180","360506","343446","0.7417352277077219","5.745881448612009","1569220","1493222","5.0895312284442635","-"
"1150514","11504","1271","晨暉生技","生技醫療業","68709","68157","86575","0.8098948017078217","-20.63644239099047","250231","304319","-17.7734548286502","-"
"1150514","11504","1293","利統","食品工業","64837","72817","65802","-10.958979359215569","-1.4665207744445456","259545","227867","13.901969131115958","-"
"1150514","11504","1343","旭東環保","綠能環保","34838","17296","17401","101.4222941720629","100.20688466180104","110106","69732","57.898812596799175","差異係因本期銷售量上升所致。"
"1150514","11504","1480","東盟開發","鋼鐵工業","1176179","1038225","1102536","13.287485853259168","6.679419084728299","3467404","3834119","-9.564517950538312","-"
"1150514","11504","1594","日高","電機機械","48279","37115","36185","30.07948268893978","33.42268895951361","157801","145385","8.54008322729305","-"
"1150514","11504","1780","立弘","生技醫療業","103179","72765","89932","41.797567511853224","14.730018236000534","343432","299633","14.617548801367006","-"
"1150514","11504","2071","震南鐵","鋼鐵工業","149661","132048","141822","13.338331515812431","5.527351186698819","522780","587167","-10.965704816517277","-"
"1150514","11504","2237","華德動能","電機機械","329312","304078","112238","8.29852866698676","193.4050856216255","1206426","413693","191.6234985846993","本月銷售電動巴士33輛及維修收入"
"1150514","11504","2245","詠勝昌*","電機機械","32075","33485","28945","-4.210840674929073","10.813612022801866","122317","138049","-11.395953610674471","-"
"1150514","11504","2249","湧盛","電機機械","184555","170551","175223","8.211033649758724","5.32578485701078","891528","1066985","-16.444186188184464","-"
"1150514","11504","2252","為昇科","其他電子業","43319","36070","50196","20.097033545883004","-13.700294844210694","137162","158948","-13.706369378664721","-"
"1150514","11504","2255","凱銳光電","其他電子業","225719","248759","159510","-9.261976451103276","41.50774246128769","881486","888850","-0.8284862462732745","-"
"1150514","11504","2256","歐特明","其他電子業","51531","55449","20662","-7.065952496889033","149.39986448552898","215337","101109","112.97510607364329","本月及本年增加百分比達50%以上，主要係受客戶端需求影響所致。"
"1150514","11504","2644","中信造船","航運業","225582","450158","298133","-49.88826145486696","-24.335112181476052","1305851","1147665","13.783290420113884","-"
"1150514","11504","2733","維格餅家","觀光餐旅","29159","26725","31434","9.10757717492984","-7.237386269644334","105170","98478","6.795426389650481","-"
"1150514","11504","2741","老四川","觀光餐旅","60624","60969","59709","-0.5658613393691876","1.5324322966386976","301864","317375","-4.887278456085073","-"
"1150514","11504","2758","路易莎咖啡","觀光餐旅","262228","253420","231173","3.475653066056349","13.433662235641705","1012782","876886","15.497567528732356","-"
"1150514","11504","2760","巨宇翔","觀光餐旅","14722","14087","21789","4.5077021367218","-32.43379686998026","55506","80900","-31.389369592089","-"
"1150514","11504","2761","橘焱胡同","觀光餐旅","118795","100854","102006","17.789081246157814","16.458835754759523","449598","429963","4.566672015964165","-"
"1150514","11504","2938","床的世界","居家生活","50608","52442","52589","-3.49719690324549","-3.766947460495541","233367","233480","-0.04839814973445263","-"
"1150514","11504","2940","歐都納","運動休閒","55079","54716","65233","0.6634256890123547","-15.56574126592369","267583","289850","-7.682249439365189","-"
"1150514","11504","2942","京站","居家生活","147133","121856","109669","20.743336397058822","34.16097529839791","580931","425507","36.52677864288954","-"
"1150514","11504","3097","拍檔","電腦及週邊設備業","375550","321899","250502","16.6670290991895","49.91896272285251","1365593","992931","37.531510245928466","-"
"1150514","11504","3117","年程","電子零組件業","66287","65765","63252","0.7937352695202615","4.798267248466452","243888","211838","15.129485739102522","-"
"1150514","11504","3184","微邦","生技醫療業","17249","27258","17084","-36.71949519407146","0.9658159681573402","72322","69082","4.690078457485307","-"
"1150514","11504","3473","智通聯網","通信網路業","4617","35919","529","-87.1460786770233","772.7788279773157","45238","38765","16.698052366825745","本月營收較去年本月增加，主要係因本月客戶案件驗收完成，故本月營收認列較高。"
"1150514","11504","3585","聯致","電子零組件業","34147","38106","39998","-10.389439983204745","-14.628231411570578","124634","140828","-11.499133695003835","-"
"1150514","11504","3595","山太士","光電業","58686","51588","18880","13.759013724121889","210.83686440677965","189768","83298","127.81819491464381","本公司因營收增加所致。"
"1150514","11504","3603","建祥國際","電子通路業","17193","25921","14632","-33.67154044982833","17.502733734281026","72851","57802","26.035431299955018","-"
"1150514","11504","3633","云光","光電業","492050","544696","493206","-9.665207748909484","-0.23438482094702823","2003757","1879424","6.615484318599742","-"
"1150514","11504","3659","百辰","光電業","171328","239402","218512","-28.435017251317866","-21.593322105879768","700887","843668","-16.923837338858412","-"
"1150514","11504","3678","聯享","光電業","45714","46075","38067","-0.7835051546391752","20.088265426747576","177477","159684","11.142631697602765","-"
"1150514","11504","4115","善德生技","生技醫療業","62175","66274","64100","-6.184929233183451","-3.003120124804992","246974","262869","-6.046738109096165","-"
"1150514","11504","4117","普生","生技醫療業","17685","21777","29158","-18.79046700647472","-39.34769188558886","78574","78540","0.04329004329004329","本月營收減少主要係因去年4月有巴西海外市場之營收所致。"
"1150514","11504","4150","優你康","生技醫療業","37726","40941","47649","-7.852763733177011","-20.825200948603328","178734","187762","-4.808214654722468","-"
"1150514","11504","4170","鑫品生醫","生技醫療業","5057","3701","8382","36.63874628478789","-39.6683369124314","15364","21114","-27.233115468409586","-"
"1150514","11504","4172","因華","生技醫療業","21431","3498","35829","512.6643796455118","-40.185324736944935","38280","40778","-6.125852175192506","主係普癌汰與顯影劑銷售消長所致。"
"1150514","11504","4186","尖端醫","生技醫療業","23664","31372","30058","-24.569679969399463","-21.272207066338414","96392","118387","-18.578898020897565","-"
"1150514","11504","4194","禾生技","生技醫療業","0","0","0","","","0","0","","本司112/11/13依分割計劃,將「台灣代理經銷」及「歐洲自有品牌醫材」業務分割予禾麗陽公司,故營收為零。"
"1150514","11504","4197","暐世","生技醫療業","10271","22111","15547","-53.54800777893356","-33.93580755129607","56251","57683","-2.4825338487942723","-"
"1150514","11504","4431","敏成健康","其他","181671","182077","161277","-0.2229825842912614","12.645324503804014","699299","627279","11.4813344620177","-"
"1150514","11504","4537","旭東","光電業","152876","128389","86027","19.072506211591335","77.70699896544109","611619","383602","59.44103523964943","本月及本年累計較去年同期營收淨額增加,主係行業特性營收認列時點所致"
"1150514","11504","4544","春日","電機機械","82432","61082","96040","34.95301398120559","-14.169096209912537","354852","362533","-2.118703676630817","-"
"1150514","11504","4546","長亨","電機機械","123828","211245","132324","-41.38180785344032","-6.420603972068559","636448","546677","16.421213989247764","-"
"1150514","11504","4553","盛復","電機機械","81215","109872","79145","-26.082168341342655","2.6154526501990016","390665","344079","13.539332537004583","-"
"1150514","11504","4559","久裕興","運動休閒","144741","102100","82424","41.763956904995105","75.60540619237115","432797","325590","32.926994072299514","主係因本期產品結構改變致銷售金額增加"
"1150514","11504","4565","宏偉","電機機械","101091","272516","125171","-62.904563401781914","-19.23768284986139","632368","659941","-4.178100769614254","-"
"1150514","11504","4570","傑生","電機機械","107878","118658","128536","-9.084933169276407","-16.071761996639072","451858","473918","-4.654813701948438","-"
"1150514","11504","4573","高明鐵","電機機械","133158","107507","60455","23.859841684727506","120.25969729550906","385116","185952","107.10505937016003","光通訊產業需求增加，故本月營收較去年同期增加。"
"1150514","11504","4575","銓寶","電機機械","65109","51904","87233","25.441199136868065","-25.36196164295622","255715","301482","-15.180674136432689","-"
"1150514","11504","4582","聚恆","綠能環保","215909","56605","55798","281.4309689956718","286.9475608444747","458195","167958","172.80331987758845","主係因採用完工比例法認列進度時點差異所致。"
"1150514","11504","4587","寶元數控","電機機械","120212","107575","88587","11.747153148965838","35.6993689819048","370382","315252","17.487597223808255","-"
"1150514","11504","4589","碩陽電機","電機機械","80262","72759","68543","10.312126334886406","17.097296587543585","270084","270779","-0.2566668759394192","-"
"1150514","11504","4724","宣捷幹細胞","生技醫療業","30530","32642","42202","-6.470191777464616","-27.657456992559595","131358","168283","-21.94220450075171","-"
"1150514","11504","4732","彥臣","生技醫療業","16119","12615","15917","27.776456599286565","1.2690833699817805","56728","57830","-1.9055853363306243","-"
"1150514","11504","4738","大同精化","化學工業","31786","31767","26668","0.059810495167941576","19.19154042297885","119811","108436","10.490058652108155","-"
"1150514","11504","4765","磐采","化學工業","21305","23318","28536","-8.632815850415987","-25.3399215026633","80113","94870","-15.554969958891114","-"
"1150514","11504","4925","智微","半導體業","60346","59344","41897","1.6884605014828795","44.03417905816646","214873","146657","46.513974784701716","-"
"1150514","11504","4980","佐臻","電子零組件業","15462","10376","8472","49.016962220508866","82.5070821529745","44768","38190","17.224404294317885","主係客戶需求增加所致。"
"1150514","11504","5240","建騰","光電業","42510","47774","41113","-11.018545652446937","3.397951985989833","167511","130010","28.84470425351896","主係專案收入增加"
"1150514","11504","5246","勵威","半導體業","84619","66753","85342","26.764340179467588","-0.8471795833235687","281811","355201","-20.66154093034648","-"
"1150514","11504","5248","景傳","光電業","28262","37593","36241","-24.8211103130902","-22.016500648436853","132156","152689","-13.447596094021181","本公司無子公司，以個別營業收入申報。"
"1150514","11504","5254","欣訊科技","電子零組件業","82523","70987","62909","16.250862834040035","31.178368754868142","280850","228354","22.988868160837995","-"
"1150514","11504","5262","立達","半導體業","247083","239937","150412","2.97828179897223","64.27080286147383","890868","648371","37.40096333734852","1）由於記憶體單價上漲 2）部份通路因為競爭對手缺貨，進而轉單到本公司。 上述兩項原因，造成營業額增加"
"1150514","11504","5267","龍翩","光電業","47131","29889","26699","57.686774398608186","76.52721075695719","125929","99943","26.00082046766657","本期因客戶之耗材需求增加，致整體營收上升。"
"1150514","11504","5271","紘通","電子零組件業","45700","56158","73077","-18.622458064745896","-37.4632237229224","197865","222631","-11.124236966100858","-"
"1150514","11504","5297","廣化","半導體業","38723","40602","32166","-4.627850844785971","20.38487844307654","131591","70717","86.0811403198665","本期認列營收之機台較多"
"1150514","11504","5863","瑞興銀","金融業","122531","143850","82759","-14.820298922488703","48.05761306927343","517646","514322","0.6462877341432021","-"
"1150514","11504","6027","德信","金融業","146182","4697","-22242","3012.2418565041517","757.2340616851003","359815","-32682","1200.9577137262102","本月及本年累計較去年同期增加營業證券出售淨利益及營業證券透過損益按公允價值衡量之淨利益。"
"1150514","11504","6035","悠遊卡","金融業","169144","144715","159660","16.880765642815188","5.940122760866842","645235","639885","0.8360877345147957","-"
"1150514","11504","6407","相互","電子零組件業","336892","304894","280409","10.494794912330187","20.143076720076746","1156793","851809","35.80427067570312","-"
"1150514","11504","6428","台灣淘米","文化創意業","5244","4879","4849","7.481041196966592","8.14600948649206","23374","21483","8.802308802308803","-"
"1150514","11504","6434","達輝光電","光電業","111851","109552","115031","2.0985468088213817","-2.7644721857586214","439443","455662","-3.559436599935917","-"
"1150514","11504","6467","泰合","生技醫療業","0","10","3069","-100.0","-100.0","33","6067","-99.45607384209659","主要品項仍在研發階段"
"1150514","11504","6473","美賣*","數位雲端","17304","11590","5749","49.301121656600515","200.9914767785702","33477","23859","40.311832013076824","主要為新業務改採總額法，將帶動營收顯著回升並強化獲利體質。"
"1150514","11504","6483","原創生醫","生技醫療業","0","0","0","","","0","0","","NA"
"1150514","11504","6493","雷虎生","生技醫療業","42203","43740","38661","-3.5139460448102424","9.161687488683686","161818","144082","12.309657000874502","-"
"1150514","11504","6518","康科特","生技醫療業","102257","85311","84612","19.863792476937324","20.85401597882097","349050","292067","19.51024936059192","-"
"1150514","11504","6536","碩豐","資訊服務業","9635","11845","6652","-18.65766146053187","44.84365604329525","35379","29400","20.336734693877553","-"
"1150514","11504","6539","麗彤","生技醫療業","61194","69341","68822","-11.749181580882883","-11.08366510708785","249722","248177","0.6225395584602924","-"
"1150514","11504","6543","普惠醫工","生技醫療業","76650","79580","55670","-3.6818296054285","37.68636608586312","300460","230936","30.105310562233694","-"
"1150514","11504","6549","景凱","生技醫療業","0","0","0","","","0","0","","本年度尚無營業收入"
"1150514","11504","6555","榮炭","電子零組件業","35798","160672","108630","-77.71982672774348","-67.04593574519009","428374","246762","73.59804183788428","因清明假期及51長假，配合客戶需求調整出貨"
"1150514","11504","6559","研晶","光電業","9234","8396","7783","9.98094330633635","18.643196710779904","32477","35341","-8.103901983531875","-"
"1150514","11504","6563","映智","半導體業","20281","25911","7589","-21.728223534406236","167.24206087758597","72759","53304","36.4981990094552","新產品訂單出貨"
"1150514","11504","6564","安特羅","生技醫療業","4973","6099","3676","-18.462042957861943","35.2829162132753","18517","15463","19.750371855396754","-"
"1150514","11504","6565","物聯","數位雲端","37025","30323","41871","22.10203475909376","-11.573642855436937","118325","129253","-8.454736060284867","-"
"1150514","11504","6572","博錸","生技醫療業","3598","15693","43139","-77.07258013126872","-91.6595192285403","38108","51454","-25.937730788665604","主要係本月專案收入較去年同期減少，致營收減少。"
"1150514","11504","6580","台睿","生技醫療業","1143","447","4","155.70469798657717","28475.0","1891","3914","-51.68625447112928","差異係銷售西寧特藥物及硒保健食品之營收"
"1150514","11504","6583","友松","文化創意業","10500","11536","4456","-8.980582524271844","135.63734290843806","43784","27278","60.51030134174059","主係因每年節目播出時間及籌備空檔不同所致"
"1150514","11504","6586","醣基","生技醫療業","32","31","32","3.225806451612903","0.0","535","127","321.25984251968504","係依據IFRS15 會計原則，自114年01月起依合約期限認列前期授權金攤銷數。"
"1150514","11504","6595","光禹國際","文化創意業","10267","10335","10967","-0.6579583938074504","-6.3827847177897326","41081","51541","-20.29452280708562","-"
"1150514","11504","6599","普達系統","電腦及週邊設備業","112171","113965","98294","-1.574167507568113","14.117850530042526","396619","448221","-11.51262435271886","-"
"1150514","11504","6604","儒億","電機機械","171553","151698","163559","13.088504792416511","4.887532939184025","707008","662268","6.7555732724516355","-"
"1150514","11504","6610","安成生技","生技醫療業","0","0","0","","","0","0","","本公司為新藥研發生技公司，目前尚未有新藥商品化"
"1150514","11504","6618","永虹先進","化學工業","3034","147","13709","1963.9455782312925","-77.86855350499671","4254","17572","-75.79103118597769","受惠碳纖維板材及新產品智能設備"
"1150514","11504","6621","華宇藥","生技醫療業","6502","5737","7678","13.334495380861076","-15.3164886689242","26987","29702","-9.140798599420915","-"
"1150514","11504","6622","百聿數碼","文化創意業","8451","5413","12269","56.12414557546647","-31.11908060966664","18267","33675","-45.75501113585746","-"
"1150514","11504","6634","欣耀","生技醫療業","0","0","0","","","0","0","","本月無依完工百分比法認列之勞務收入。"
"1150514","11504","6638","沅聖","電腦及週邊設備業","214390","145851","115295","46.992478625446516","85.94908712433323","685376","530053","29.30329608548579","去年同期因風險因素減少出貨致基期較低及本期與客戶協議去化庫存。"
"1150514","11504","6639","源大環能","油電燃氣業","6292","6413","8209","-1.8867924528301887","-23.352418077719577","23579","29230","-19.332877180978446","-"
"1150514","11504","6648","斯其大","其他電子業","4833","2996","28265","61.315086782376504","-82.9011144525031","13542","74045","-81.71112161523398","因產業特性及標案合約規範,每月出貨數量時程依客戶通知出貨"
"1150514","11504","6650","帝圖","文化創意業","776","37560","881","-97.93397231096911","-11.91827468785471","39953","26211","52.42836976841784","本月累計營收較去年同期增加，主要係3月份舉行之迎春拍賣會成交金額較去年同期成長所致。"
"1150514","11504","6659","天明製藥","生技醫療業","129508","145559","109536","-11.027143632478927","18.233274905054046","534480","415577","28.611544912254526","-"
"1150514","11504","6665","康聯生醫","生技醫療業","92838","103159","87799","-10.00494382458147","5.739245321700703","361241","365381","-1.1330638429474986","-"
"1150514","11504","6673","和詮","光電業","26920","18313","9118","46.999399333806586","195.24018425093223","80980","43300","87.02078521939954","本月及累計增加主係子公司本月認列工程收入10,954K及累計認列36,568K所致。"
"1150514","11504","6676","祥翊","生技醫療業","29936","9289","17124","222.27365701367208","74.81896753095072","61352","75131","-18.33996619238397","本月認列分潤收入"
"1150514","11504","6677","瑩碩生技","生技醫療業","72294","78097","66402","-7.4305030923082835","8.873226710038855","295792","246991","19.758209813313037","-"
"1150514","11504","6682","華旭先進","光電業","132154","126685","29118","4.317006749023168","353.8567209286352","461715","105411","338.01405925377804","增加合併公司及散熱產品客戶需求持續上升。"
"1150514","11504","6696","仁新","生技醫療業","0","0","0","","","0","0","","無"
"1150514","11504","6704","國璽幹細胞","生技醫療業","11056","11055","15722","0.009045680687471733","-29.67815799516601","44181","62702","-29.538132754936047","-"
"1150514","11504","6705","振躍精密","電機機械","31979","40893","26467","-21.798351796150932","20.82593418218914","132074","115286","14.562045695054039","-"
"1150514","11504","6707","富基電通","電子通路業","990294","1387693","643910","-28.63738593478529","53.793853178239196","4475340","2583177","73.24945212813523","主係儲存設備需求暢旺致價格上漲，客戶拉貨動能增加所致。"
"1150514","11504","6709","昱厚生技","生技醫療業","0","0","0","","","0","0","","不適用"
"1150514","11504","6723","傑智環境","綠能環保","64683","38377","131483","68.54626468978816","-50.80504704030179","228275","395553","-42.28965524215465","依完工比例認列收入較少"
"1150514","11504","6729","機光科技","光電業","8688","9933","10675","-12.53397765025672","-18.6135831381733","34661","49451","-29.908394167964246","-"
"1150514","11504","6734","安盛生","生技醫療業","1515","2175","1572","-30.344827586206897","-3.6259541984732824","6720","6498","3.4164358264081254","-"
"1150514","11504","6737","秀育","電腦及週邊設備業","265326","189947","285406","39.68422770562315","-7.035591403123971","826358","1053356","-21.54997930424282","-"
"1150514","11504","6738","鼎恒","資訊服務業","14920","14392","12313","3.668704836020011","21.172744254040445","55258","49703","11.176387743194576","-"
"1150514","11504","6744","豐技生技","生技醫療業","11405","13562","15502","-15.904733815071523","-26.428847890594763","51187","66368","-22.873975409836067","-"
"1150514","11504","6748","亞果生醫","生技醫療業","5111","4336","1109","17.873616236162363","360.86564472497747","16041","10943","46.58685917938408","醫院進藥陸續完成且開發新醫院,增加使用量"
"1150514","11504","6750","泰創工程","其他電子業","391425","234531","487211","66.89691341443135","-19.660065146312377","1128537","1625339","-30.566054220073475","-"
"1150514","11504","6755","連鋐科技","電子零組件業","227246","255527","212227","-11.06771495771484","7.076856384908612","828195","816089","1.4834166371559965","-"
"1150514","11504","6758","冠亞","生技醫療業","38175","45007","38592","-15.17986091052503","-1.0805348258706469","152282","138482","9.965194032437429","-"
"1150514","11504","6775","穎台科技","光電業","101291","116424","150327","-12.998179069607641","-32.61955603451143","460491","590760","-22.051086735730244","-"
"1150514","11504","6780","學習王","文化創意業","23673","22282","27390","6.242707117852976","-13.57064622124863","91345","96188","-5.034931592298416","-"
"1150514","11504","6784","天凱科技","通信網路業","26046","45139","19129","-42.298234342807774","36.15975743635318","145522","95809","51.887609723512405","訂單需求增加"
"1150514","11504","6786","芯測","半導體業","10983","11318","6122","-2.959886905813748","79.40215615811826","40383","25268","59.818743074244104","本期係新增客戶及主要客戶續約所致"
"1150514","11504","6787","晶瑞光","光電業","23415","12549","10985","86.58857279464499","113.1543013199818","66274","34125","94.20952380952382","因應公司年度累積訂單出貨量增加，故營收較去年累積增加。"
"1150514","11504","6793","天力離岸","其他","6140","5639","23702","8.884553998935981","-74.09501307906505","22137","249369","-91.12279393188408","本公司主要營業收入已於114/4全數生產完畢。另增加子公司營業收入。"
"1150514","11504","6797","圓點奈米","生技醫療業","18172","16552","10381","9.787336877718705","75.05057316250843","56798","45754","24.137780303361456","客戶需求變化"
"1150514","11504","6798","展逸","運動休閒","56534","68924","45890","-17.976321745690907","23.194595772499454","238921","167182","42.91072005359429","-"
"1150514","11504","6808","三鼎生技","生技醫療業","1264","9541","7546","-86.75191279740069","-83.24940365756693","36414","61851","-41.12625503225494","本月營業收入減少，主要係其他產品收入減少"
"1150514","11504","6810","新穎生醫","生技醫療業","214","285","210","-24.912280701754387","1.9047619047619047","894","619","44.4264943457189","115年4月有檢測試劑銷售及檢測收入"
"1150514","11504","6812","梭特","光電業","18385","16716","52205","9.984446039722421","-64.78306675605785","72911","204189","-64.29239577058509","因行業特性，致營收波動幅度較大。"
"1150514","11504","6814","路迦生醫","生技醫療業","12581","13394","15583","-6.069882036732865","-19.264583199640633","52498","61753","-14.987126131523974","-"
"1150514","11504","6815","晶鑽生醫","生技醫療業","28115","36080","58305","-22.075942350332593","-51.77943572592402","221551","197365","12.25445241050845","本期營業收入較去年同期減少，主係出貨減少所致。"
"1150514","11504","6816","捷智商訊","資訊服務業","21240","13629","12607","55.84415584415584","68.47782977710796","59317","46834","26.653713114404066","4/1起新增子公司並納入合併個體，致收入增加。"
"1150514","11504","6817","溫士頓","生技醫療業","53502","55218","61016","-3.1076822775182005","-12.314802674708273","195840","227916","-14.073606065392513","-"
"1150514","11504","6818","連騰","通信網路業","103624","100453","96265","3.1567001483280737","7.644522931491196","398229","378602","5.184071927776398","-"
"1150514","11504","6819","眾智","半導體業","58571","14350","23372","308.1602787456446","150.6032859832278","105403","85223","23.679053776562665","訂單增加"
"1150514","11504","6820","連訊","通信網路業","80804","91262","73225","-11.459314939405228","10.350290201433937","302637","302693","-0.01850059301007952","-"
"1150514","11504","6825","和暢科技","電腦及週邊設備業","58572","70830","71089","-17.30622617534943","-17.60750608392297","233037","162116","43.747069999259786","-"
"1150514","11504","6826","和淞","其他電子業","1930267","1570121","1086113","22.93746787667957","77.72248375629424","6662097","4839765","37.65331581182144","本月營業收入較去年同期增加50%以上，主係因廠務系統工程收入增加所致。"
"1150514","11504","6827","巨生醫","生技醫療業","0","0","0","","","0","0","","無"
"1150514","11504","6832","金鼎科","其他","50201","47475","36682","5.741969457609268","36.8545880813478","174243","160687","8.43627673676153","-"
"1150514","11504","6833","太康精密","電子零組件業","65678","63074","91868","4.128484002917208","-28.50829450951365","256128","326569","-21.57002042447385","-"
"1150514","11504","6839","開陽能源","綠能環保","85397","94880","125133","-9.99473018549747","-31.75501266652282","321861","571770","-43.707959494202214","-"
"1150514","11504","6842","瑞宇","半導體業","28852","39556","69875","-27.06037010820103","-58.70912343470483","111683","165826","-32.650489066853204","本月營收減少，主係客戶需求減少所致。"
"1150514","11504","6847","普瑞博","生技醫療業","5548","7002","7497","-20.765495572693517","-25.99706549286381","22910","30748","-25.491088851307403","-"
"1150514","11504","6848","拉法醫","生技醫療業","20694","15814","16781","30.858732768433033","23.318038257553184","67448","70324","-4.0896422274045845","-"
"1150514","11504","6849","奇鼎科技","其他電子業","190034","298012","204706","-36.23276915023556","-7.167352202671148","666773","495080","34.67984972125717","-"
"1150514","11504","6850","光鼎生技","生技醫療業","30151","19356","25622","55.77082041744162","17.676215752088048","76716","76528","0.24566171858666108","-"
"1150514","11504","6857","宏碁智醫","生技醫療業","5185","8696","2787","-40.37488500459982","86.04233943308216","20588","14419","42.783826895069005","由於本公司產品為創新產品且目前處於業務推廣階段，故營收起伏較為不定。"
"1150514","11504","6858","愛比科技","電腦及週邊設備業","37667","54844","33044","-31.31974327182554","13.99043699310011","154003","141033","9.19642920451242","-"
"1150514","11504","6864","元樟生技","生技醫療業","119","112","46","6.25","158.69565217391303","421","181","132.59668508287294","新產品小批量銷售"
"1150514","11504","6867","坦德科技","光電業","34391","36382","37065","-5.472486394370843","-7.214353163361662","149064","135937","9.656679196980955","-"
"1150514","11504","6868","采威國際","資訊服務業","29175","35028","40963","-16.70948955121617","-28.777189170715037","135608","206729","-34.4030107048358","-"
"1150514","11504","6876","朗齊生醫*","生技醫療業","246","210","0","17.142857142857142","","456","0","","係因去年度無營收。"
"1150514","11504","6878","歐付寶","金融業","846","783","580","8.045977011494253","45.86206896551724","3218","2648","21.525679758308158","-"
"1150514","11504","6879","大江基因","生技醫療業","21706","20858","30579","4.065586345766612","-29.016645410248863","78356","86066","-8.958241349661888","-"
"1150514","11504","6882","甲尚","資訊服務業","14975","15462","23618","-3.1496572241624627","-36.59496993818274","58118","82998","-29.976625942793802","-"
"1150514","11504","6883","微電能源","綠能環保","8389","19726","109034","-57.47237148940485","-92.30606966634261","69028","529255","-86.95751575327583","工程投入相較去年同期及去年累計減少所致"
"1150514","11504","6886","遠東生技","食品工業","33292","29883","26536","11.407823846334036","25.459752788664456","138475","119772","15.615502788631733","-"
"1150514","11504","6891","樂迦再生","生技醫療業","0","6149","0","-100.0","","9755","757","1188.6393659180978","115年4月無營業收入"
"1150514","11504","6892","台寶生醫","生技醫療業","5054","4528","3622","11.616607773851591","39.536167863059084","15761","15067","4.606092785557841","-"
"1150514","11504","6898","程曦資訊","資訊服務業","100212","103003","93782","-2.709629816607283","6.856326373931031","411308","370094","11.136089750171578","-"
"1150514","11504","6911","群運","其他","41688","42826","36295","-2.6572642787091953","14.858795977407356","163634","140842","16.182672782266653","-"
"1150514","11504","6912","益鈞環科*","綠能環保","666","149","80","346.97986577181206","732.5","892","289","208.65051903114187","115/03正式收取醫療事業廢棄物"
"1150514","11504","6915","美強光","電子零組件業","12908","8999","26391","43.43815979553284","-51.089386533287865","52718","102980","-48.80753544377549","本月營收較上期減少，主係產業淡季影響，客戶需求下降所致。"
"1150514","11504","6917","竟天","生技醫療業","573","1170","11","-51.02564102564103","5109.090909090909","4918","33","14803.030303030304","本月及本年度累計營業收入較增，主係本月合作開發暨授權合約收入較增，本年度合作開發暨授權合約收入及學名藥銷售較增所致。"
"1150514","11504","6920","恆勁科技","半導體業","170813","150487","123579","13.506814542119917","38.2217043348789","567260","458838","23.62969065334606","-"
"1150514","11504","6926","聖安生醫","生技醫療業","0","0","0","","","20617","0","","本年累計營收較去年增加，主因係115年1月及2月有技術授權收入，前期無此情事。"
"1150514","11504","6927","聯合聚晶","半導體業","47915","56737","75815","-15.548936320214322","-36.800105520015826","166337","227665","-26.937825313508885","-"
"1150514","11504","6932","水星生醫*","生技醫療業","0","0","0","","","0","0","","本年依收入認列原則，無可認列之收入所致。"
"1150514","11504","6935","王子製藥","食品工業","92787","116061","77775","-20.053247861038592","19.301832208293153","374816","265720","41.05675146771037","-"
"1150514","11504","6938","藍新資訊","資訊服務業","48767","57048","46870","-14.515846304866077","4.047365052272243","193702","170979","13.289936190994215","-"
"1150514","11504","6939","啟弘生技","生技醫療業","10216","15917","19057","-35.817050951812526","-46.39240174214199","51296","53942","-4.905268621853102","-"
"1150514","11504","6940","格斯科技*","電子零組件業","9040","13943","33587","-35.164598723373736","-73.0848244856641","47261","178909","-73.58377722752908","本月營收減少，主係出貨量減少所致。"
"1150514","11504","6945","圓祥生技","生技醫療業","0","0","0","","","0","0","","本月無收入"
"1150514","11504","6946","三地能源","綠能環保","98526","105118","94253","-6.271047774881562","4.533542698906135","370123","342981","7.9135578938775035","-"
"1150514","11504","6947","台鎔科技","綠能環保","107226","143233","113704","-25.138759922643526","-5.697248997396749","520358","289938","79.47216301416165","因子公司營收增長所致。"
"1150514","11504","6959","兆捷科技","化學工業","55291","61140","127135","-9.566568531239778","-56.51000904550281","205262","247536","-17.07791997931614","營收差異在於去年同期產品銷售之交易特性，營收集中於當月認列。"
"1150514","11504","6963","品元","食品工業","74816","92217","85108","-18.869622737673097","-12.092870235465526","283816","346791","-18.159352463010862","-"
"1150514","11504","6972","博瑞達應材","化學工業","506742","443175","439757","14.343543746826874","15.23227600697658","1781579","2023682","-11.963490311224787","-"
"1150514","11504","6973","永立榮","生技醫療業","10617","10556","3366","0.5778704054566124","215.41889483065953","37315","23374","59.643193291691624","因客戶需求增加，致本月及本年累計營收均較去年同期增加"
"1150514","11504","6976","育世博-KY","生技醫療業","0","0","0","","","0","0","","本月與去年同期無收入"
"1150514","11504","6977","聯純","綠能環保","136192","147240","280859","-7.503395816354251","-51.50876418416358","485503","757612","-35.916669746519325","本月專案工程進度較去年同期減少"
"1150514","11504","6979","勝釩","光電業","37938","59256","54632","-35.97610368570271","-30.557182603602286","193572","224953","-13.950025116357638","-"
"1150514","11504","6980","鐳洋科技","通信網路業","51627","41466","23834","24.504413254232382","116.61072417554753","174781","108926","60.45847639681986","主係智動化產品線於新能源領域滲透率提升，客戶拉貨力道強勁；同時，射頻測試產品專案如期達成交付所致"
"1150514","11504","6983","華洋精機","其他電子業","13036","20945","19097","-37.76080210074004","-31.737969314552025","62303","73057","-14.7200131404246","-"
"1150514","11504","6984","ACpay","數位雲端","13577","14202","12979","-4.400788621320941","4.607442792202789","58919","63267","-6.8724611566851594","-"
"1150514","11504","6986","和迅","生技醫療業","16706","38091","31382","-56.141870783124624","-46.76566184436938","89236","82134","8.646845398982151","-"
"1150514","11504","6987","寶晶能源*","綠能環保","119890","122187","87809","-1.8799053909172008","36.534979330137","443005","322476","37.3761148116449","-"
"1150514","11504","6990","華鉬","綠能環保","210649","160306","82404","31.40431424899879","155.62958108829667","592253","392907","50.73617929942709","本月及本年累計營收較去年同期增加，係因客戶訂單出貨增加及市場價格上揚所致。"
"1150514","11504","6995","野獸國","其他","102382","110896","92814","-7.677463569470495","10.308789622255263","432673","432577","0.022192580742850406","-"
"1150514","11504","6999","瀚醫生技","生技醫療業","12193","10300","11823","18.37864077669903","3.1294933603992217","41104","40550","1.3662145499383478","-"
"1150514","11504","7419","達勝","電子零組件業","18731","7590","7956","146.78524374176547","135.43237807943692","40395","20703","95.11664976090422","本期客戶需求增加。"
"1150514","11504","7427","華上生醫","生技醫療業","1011","720","71","40.416666666666664","1323.943661971831","2638","561","370.2317290552585","114/12/1國產新成分新藥剋必達(Kepida/tucidinostat)健保給付生效，銷售收入所致。"
"1150514","11504","7443","凡事康","其他","32870","38126","47160","-13.785867911661333","-30.301102629346904","146089","186822","-21.803106700495658","-"
"1150514","11504","7455","樺緯物聯","電腦及週邊設備業","44099","55981","79921","-21.225058501991747","-44.82176148947085","193422","276919","-30.15213835092572","-"
"1150514","11504","7507","環拓科技","綠能環保","33689","46446","47349","-27.466304956293328","-28.849606116285454","123170","127257","-3.2116111490919947","-"
"1150514","11504","7516","清淨海","其他","37663","36651","28079","2.7611797768137296","34.13226966772321","128992","101465","27.129552062287488","-"
"1150514","11504","7530","鋒魁科技","半導體業","20581","20772","16874","-0.9195070286924706","21.96870925684485","87941","55601","58.16442150321038","由於半導體產業在過年前提升產能，進而產生連鎖效應，使得設備使用頻率提高，幫浦維修需求隨之上升，因此維修業務明顯成長。"
"1150514","11504","7551","知識科技","數位雲端","21009","22128","14220","-5.056941431670282","47.742616033755276","86760","57505","50.87383705764716","主要係因廣告收入業績回流所致。"
"1150514","11504","7558","群利科技","其他","32825","25986","26223","26.318017393981375","25.17637188727453","119182","108275","10.073424151466174","-"
"1150514","11504","7561","光晟生技","生技醫療業","17688","16082","18489","9.986320109439124","-4.332305695278274","57997","67395","-13.944654647970918","-"
"1150514","11504","7562","博來科技","電腦及週邊設備業","64816","64063","65897","1.1754054602500663","-1.640438866716239","255124","224128","13.829597372929754","-"
"1150514","11504","7566","亞果遊艇","觀光餐旅","40703","22578","29889","80.27726105058021","36.18053464485262","112567","127095","-11.430819465753963","-"
"1150514","11504","7575","安美得","生技醫療業","70113","60025","67373","16.806330695543522","4.066911077137726","261292","264280","-1.1306190404116845","-"
"1150514","11504","7578","利百景","其他","47283","46877","40011","0.8660963798877914","18.175001874484515","165431","147735","11.978204217010187","-"
"1150514","11504","7583","國際海洋","綠能環保","92751","68411","91348","35.57907354080484","1.535884748434558","305596","263507","15.972630708102631","-"
"1150514","11504","7590","怡和國際","其他","237917","272355","200341","-12.644526445264452","18.7560209842219","962883","477480","101.65933651671274","訂單增加所致。"
"1150514","11504","7595","世基生醫","生技醫療業","7874","14217","8967","-44.615601041007245","-12.189137950262072","32923","39166","-15.9398457846091","-"
"1150514","11504","7607","通用幹細胞*","生技醫療業","1726","2390","6414","-27.782426778242677","-73.09011537262239","5596","8762","-36.13330289888153","本期累計營業收入較去年減少，主係權利金收入減少所致"
"1150514","11504","7669","碩正科技","半導體業","25516","35677","14732","-28.480533677158952","73.20119467825143","111617","84005","32.86947205523481","客戶需求增加。"
"1150514","11504","7689","大鵬科CLMX","通信網路業","703035","399060","366157","76.17275597654488","92.00370332944611","1933455","1353931","42.803067512303066","主係受客戶訂單出貨排程與產品組合差異影響。因應客戶專案需求，部分套裝產品出貨時程較為集中，致使變動。"
"1150514","11504","7702","前端風電","綠能環保","20074","8404","371434","138.8624464540695","-94.59554052671538","139334","740944","-81.19507007277203","本年減少百分比達50%以上，主係因去年銷售方面較今年多元，因此營業收入降低。"
"1150514","11504","7706","宏碁創達","其他","51369","55368","41714","-7.222583441699176","23.145706477441625","219138","162134","35.15857253876423","-"
"1150514","11504","7707","益芯科","半導體業","85206","111544","33775","-23.61220684214301","152.27535159141377","324927","176382","84.21777732421675","本月營收較去年同期增加及本月累計營收較去年同期累計增加，主要為量產產品收入增加。"
"1150514","11504","7710","東擎科技","電腦及週邊設備業","342292","356413","135528","-3.961976695575077","152.56183224130808","991674","582115","70.35706003109351","客戶需求強勁"
"1150514","11504","7719","碳基","其他","2492","0","1423","","75.12297962052003","2492","7460","-66.59517426273459","主係因標案之營收尚未入帳"
"1150514","11504","7724","諾亞克","生技醫療業","32840","36398","27376","-9.775262377053684","19.959088252483927","128830","115864","11.190706345370435","-"
"1150514","11504","7725","列特博","生技醫療業","7117","8810","6190","-19.216799091940977","14.975767366720516","35081","23182","51.328617030454666","本年累計營收較去年同期增加，係因市場開發成果與客戶需求提升，致使出貨增加。"
"1150514","11504","7726","暄達","生技醫療業","38975","38684","25795","0.752248991831248","51.09517348323318","121755","103655","17.461772225170034","客戶需求增加"
"1150514","11504","7729","仲恩生醫","生技醫療業","0","0","0","","","0","0","","不適用"
"1150514","11504","7731","火星生技*","食品工業","31507","40575","54226","-22.348736906962415","-41.89687603732527","164668","204267","-19.385901785408315","本期變化主要係於2025.12.31處份健生活及牛耳2品牌所致。"
"1150514","11504","7737","凱鈿","數位雲端","29193","30932","31224","-5.62200956937799","-6.504611837048424","117929","130794","-9.836078107558452","-"
"1150514","11504","7742","天弘化","化學工業","298461","243217","53191","22.713872796720622","461.1118422289485","1031919","167499","516.0747228341662","主係新能源材料客戶需求量增加，致本月營收較去年同期增加。"
"1150514","11504","7745","紅陽","數位雲端","15206","15634","15461","-2.7376231290776514","-1.6493111700407477","56556","60570","-6.627043090638931","-"
"1150514","11504","7748","鑫囍創業","其他","43920","25669","14853","71.10132845066033","195.69783882044032","141535","35132","302.86633268814757","營收增長主因係本月有部分今年開案已如期執行，並認列當月結案之收入,收入依完工比例法認列。"
"1150514","11504","7752","世紀樺欣","綠能環保","101780","197046","350252","-48.347086467119354","-70.94092253577425","707061","1400501","-49.51370973672993","本月減少百分比達50%以上，主係因工程進度所致。"
"1150514","11504","7754","安基生技","生技醫療業","104","50","175","108.0","-40.57142857142857","262","6928","-96.21824480369516","年度差異主係去年 1-3 月 AJ201 專案依進度認列收入，且該合約已於去年 4 月終止不再認列所致。"
"1150514","11504","7756","多那之","觀光餐旅","103434","98480","99261","5.030463038180341","4.2040680629854625","408494","405143","0.8271153642047376","-"
"1150514","11504","7758","睿騰能源","電子零組件業","11985","9159","6944","30.854896822797247","72.59504608294931","31126","62648","-50.31605158983527","主要係因114年3月營收有儲能櫃銷售金額34,345仟元之助長， 以致115/1-4月營收相較減少31,522仟元。"
"1150514","11504","7759","視航生醫","生技醫療業","0","0","0","","","0","0","","無"
"1150514","11504","7761","三大未來","綠能環保","26339","26552","18279","-0.8021994576679723","44.09431588161278","89498","61031","46.64350903639134","-"
"1150514","11504","7762","吉晟生","生技醫療業","22523","24925","12277","-9.63691073219659","83.4568705709864","84459","50373","67.66720266809601","合併子公司營收"
"1150514","11504","7763","崇舜","化學工業","132082","139257","77071","-5.1523442268611275","71.37704194833336","426100","377345","12.920536909194503","主係下游客戶庫存去化完成，需求回溫帶動拉貨動能，致本月出貨量顯著增加。"
"1150514","11504","7764","聖州","其他","55894","67859","64600","-17.632149014869068","-13.476780185758514","234275","256970","-8.831770245553956","-"
"1150514","11504","7771","綠基","光電業","70755","77367","46912","-8.546279421458761","50.82494884038199","222893","239771","-7.039216585825642","本月營收較去年同期增加，主係受惠客戶需求成長，帶動數位安全監控產品出貨增加所致。"
"1150514","11504","7773","富禾生醫","生技醫療業","5512","3112","3499","77.12082262210797","57.530723063732495","14243","10471","36.02330245439786","本期營業收入較去年同期增加，主係銷貨收入增加所致。"
"1150514","11504","7776","奧孟亞","生技醫療業","122","121","122","0.8264462809917356","0.0","487","3706","-86.85914732865623","本期累計授權收入較去年累計減少"
"1150514","11504","7779","鍇睿國際","運動休閒","17238","21785","13044","-20.87215974294239","32.15271389144434","106380","53633","98.34803199522682","本期受新拓展之運動旅遊業務貢獻、賽事活動場次增加及經紀商案成長，致整體營收成長。"
"1150514","11504","7781","昕力資*","數位雲端","72274","101116","70797","-28.523675778314015","2.0862465923697333","294380","251428","17.08322064368328","-"
"1150514","11504","7783","佳運","綠能環保","77295","56390","124458","37.07217591771591","-37.89471146892928","261242","500628","-47.817141670062405","-"
"1150514","11504","7784","安邦生技*","生技醫療業","0","0","0","","","0","0","","本公司為新藥研發生技公司，目前尚未有新藥商品化"
"1150514","11504","7785","北祥科服","數位雲端","153410","180246","127918","-14.888541215893834","19.928391625885332","582809","703283","-17.13023064683776","-"
"1150514","11504","7789","開展","觀光餐旅","182470","176326","148186","3.4844549300727063","23.13578880596008","763004","658877","15.803708431163935","-"
"1150514","11504","7790","思必瑞特","生技醫療業","20341","24724","19397","-17.727713962142047","4.866731968861164","82135","83240","-1.3274867851994234","-"
"1150514","11504","7796","擷發科","半導體業","823","626","2071","31.46964856230032","-60.26074360212458","3569","38213","-90.6602465129668","主係按完比法認列"
"1150514","11504","7797","Q Burger","觀光餐旅","210749","209672","192175","0.5136594299668052","9.665148952777416","822873","746451","10.238046435733892","-"
"1150514","11504","7798","將捷","建材營造","154591","44677","45932","246.01920451238894","236.56492205869546","310354","861275","-63.96574845432644","本月營收較去年增加,係銷售LaMer及AiPARK餘屋;本年累計營收較去年減少,係將捷之森建案113年底完工,114年交屋認列營收且案量較大."
"1150514","11504","7801","華芸科技","資訊服務業","30180","50390","47533","-40.107164119865054","-36.5072686344224","183629","194804","-5.736535184082462","-"
"1150514","11504","7803","雲象科技","生技醫療業","1446","8454","15390","-82.89567068843151","-90.60428849902534","12246","26993","-54.632682547327086","去年同期有專案驗收完成,故認列收入。"
"1150514","11504","7806","精華生醫","食品工業","48973","55400","43506","-11.601083032490974","12.566082839148622","185009","192452","-3.8674578596221396","-"
"1150514","11504","7808","訊聯智藥","生技醫療業","17650","19936","11192","-11.46669341894061","57.70192994996426","70849","37036","91.29765633437736","本月銷售狀況較去年同期成長，主因係市場經營成果，客戶需求增加致營收成長。"
"1150514","11504","7812","稜研科技*","通信網路業","10206","21329","6203","-52.14965539875287","64.53329034338223","48459","77018","-37.08094211742709","本月營收較去年同期顯著提升，主要係出貨量增加所致。"
"1150514","11504","7813","宇辰系統","其他電子業","206713","318732","117374","-35.14520035641228","76.11481247976553","891631","563929","58.11050681912085","本月及本年累計之營業收入較去年及去年累計增加50%以上，主要係廠務自動化及機電工程收入增加所致。"
"1150514","11504","7814","海昌生技","生技醫療業","5352","15981","5180","-66.51023089919279","3.3204633204633205","29003","19816","46.36152603956399","-"
"1150514","11504","7815","新特","半導體業","83844","87997","83824","-4.719479073150221","0.023859515174651652","332806","326323","1.9866819071901154","-"
"1150514","11504","7816","來穎","電子零組件業","214431","179075","309728","19.743682814463213","-30.767964149188966","517390","920768","-43.80886390491416","-"
"1150514","11504","7818","溢泰實業","其他","1057317","1019010","1224676","3.759236906409162","-13.665573588442983","3839744","4416930","-13.067583140325974","-"
"1150514","11504","7819","精誠金融","資訊服務業","23808","43058","31303","-44.707139207580475","-23.943392007155865","127031","131777","-3.6015389635520614","-"
"1150514","11504","7824","智寶","其他","16083","22405","7269","-28.216915866993975","121.25464300453983","68403","37537","82.2282015078456","營收成長主要係IP專案相關商品活動收入帶動"
"1150514","11504","7825","和亞智慧","其他電子業","12745","37637","30909","-66.13704599197598","-58.766055194279986","109685","124994","-12.247787893818904","本月及本年營收較去年本月及去年累計營收減少50%以上，主要皆係自動化設備收入減少所致。"
"1150514","11504","7826","極風雲創","數位雲端","10229","11288","13939","-9.381644223954643","-26.61596958174905","42293","44234","-4.388027309309581","-"
"1150514","11504","7827","漢康-KY","生技醫療業","9542","0","0","","","9542","0","","臨床藥品銷貨收入"
"1150514","11504","7829","思捷優達-KY","生技醫療業","0","0","0","","","0","0","","本公司目前正處於新藥開發階段，尚未進入商業化階段，且尚無產生重大之進貨及銷貨等商業&#64008;為"
"1150514","11504","7831","捷博","居家生活","17261","17966","15003","-3.924078815540465","15.050323268679598","77318","52970","45.96564092882764","-"
"1150514","11504","7832","智新生技*","生技醫療業","0","0","0","","","0","1592","-100.0","本公司本年度專注於自身產品研究開發，減少提供試驗測試勞務服務所致。"
"1150514","11504","7833","綠岩能源","綠能環保","72889","106486","16478","-31.55062637341998","342.34130355625683","363709","411580","-11.631031634190194","本年營收較去年同期營收增加，主要係因承接工程案件依進度認列收入所致"
"1150514","11504","7834","來毅數位","資訊服務業","2601","10119","3968","-74.29587903943077","-34.45060483870968","17542","11972","46.525225526227864","-"
"1150514","11504","7836","智生活","其他","87716","80084","76210","9.529993506817842","15.097756199973757","316910","283574","11.755661661506345","-"
"1150514","11504","7837","啟新生","生技醫療業","99466","100205","89381","-0.7374881492939475","11.28315861312807","361478","320325","12.847264496995239","-"
"1150514","11504","7839","達人網","數位雲端","15803","17002","14180","-7.052111516292201","11.445698166431594","58473","55815","4.762160709486698","-"
"1150514","11504","7840","祥圃","農業科技","138943","157847","153441","-11.976154123930135","-9.44858284291682","599889","560221","7.080777050485433","-"
"1150514","11504","7841","經貿聯網","資訊服務業","29715","35243","30709","-15.685384331640325","-3.236836106678824","133966","135972","-1.4753037390050894","-"
"1150514","11504","7843","英柏得","半導體業","99933","76685","32742","30.31622872791289","205.2134872640645","258600","96887","166.90887322344588","受惠於市場結構性缺貨影響，帶動需求增加。"
"1150514","11504","7846","德揚","綠能環保","97918","85259","70131","14.84769936311709","39.621565356261854","337439","239928","40.64177586609316","-"
"1150514","11504","7847","豊漁","觀光餐旅","91651","91956","72843","-0.33168036887206925","25.81991406174924","378658","331537","14.212893281896138","-"
"1150514","11504","7848","騏億鑫","其他電子業","291393","184703","153186","57.7630033080134","90.22169127727076","829769","564265","47.05306903671148","本月營收較去年同期增加90.22%，主要係因材料供應較去年同期增加所致。"
"1150514","11504","7849","旭誼","其他電子業","56840","50579","54716","12.378655173095554","3.881862709262373","182989","190482","-3.933705021996829","-"
"1150514","11504","7850","寶泰生醫","生技醫療業","1632","2146","2157","-23.951537744641193","-24.339360222531294","6658","4338","53.48086675887506","114年3月起合併子公司牧騰生技營收。"
"1150514","11504","7851","慧康生技*-KY","生技醫療業","8525","11577","14832","-26.362615530793814","-42.52292340884574","35890","65749","-45.413618458075405","-"
"1150514","11504","7853","政美應用","半導體業","1787","129541","64743","-98.6205139685505","-97.23985604621349","167343","99083","68.8917372304028","本月營收較去年同期減少，主要係部分設備本月尚未交機所致；累計營收較去年同期增加，係整體需求成長所致。"
"1150514","11504","7854","佐茂","電腦及週邊設備業","158419","155074","162762","2.1570347060113235","-2.6683132426487757","564337","571795","-1.304313608898294","-"
"1150514","11504","7855","和運租車","其他","2673463","2099142","2475790","27.359797479160534","7.984239374098773","10450058","9917189","5.373185889670954","-"
"1150514","11504","7856","漢測","半導體業","340453","468427","172872","-27.319945263616315","96.93935397288168","1325200","615287","115.37916451997198","營收成長主要來自於熱管理模組及清潔材料出貨明顯成長。"
"1150514","11504","7857","合水先進","綠能環保","153096","142400","197789","7.51123595505618","-22.596302119935892","556764","504421","10.376847910772945","-"
"1150514","11504","7858","芝普","化學工業","182087","177516","113273","2.5749791568084004","60.750576041951746","672386","461189","45.794023708284456","差異原因：主要係因市場需求增溫，客戶訂單需求增加至銷量成長所致。"
"1150514","11504","7860","得生製藥","生技醫療業","49805","49820","73200","-0.030108390204737052","-31.9603825136612","213135","290238","-26.565439398011286","-"
"1150514","11504","7861","貝爾威勒","電子零組件業","967838","850307","376433","13.822184222874798","157.10763934086543","3177630","1099366","189.0420478712276","主係客戶需求增加，較去年同期成長。"
"1150514","11504","7862","聚泰","紡織纖維","33329","42819","60483","-22.163058455358602","-44.89525982507482","169231","237644","-28.788019053710592","-"
"1150514","11504","7863","中科物流","航運業","33054","31957","32997","3.4327377413399254","0.1727429766342395","117567","114090","3.0475940047331056","無"
"1150514","11504","7865","金聯成","綠能環保","33029","23166","32480","42.575325908659245","1.6902709359605912","116083","121636","-4.56526028478411","-"
"1150514","11504","7866","丹立","半導體業","860565","836266","289026","2.9056544209617514","197.7465695127774","2675288","996324","168.51586431723013","AI記憶體需求增加，價格上漲。"
"1150514","11504","7867","特力屋","居家生活","704101","710080","701754","-0.8420178008111762","0.33444768394622615","3075201","2981739","3.134479577186333","-"
"1150514","11504","7868","聖育","資訊服務業","170346","672386","144079","-74.66544514609168","18.230970509234517","1278966","403197","217.20622921301498","主係客戶需求增加，較去年同期成長。"
"1150514","11504","7869","宏于電機","電機機械","314132","393213","287471","-20.11149173603111","9.274326801659994","1140253","1210094","-5.771535103884491","-"
"1150514","11504","7870","聯剛科技","其他電子業","27536","34191","16959","-19.4641864818227","62.368064154726106","103414","82034","26.062364385498697","係因交貨較去年同期增加"
"1150514","11504","7871","安立璽榮-KY","生技醫療業","0","49","0","-100.0","","49","164","-70.1219512195122","本月無營收"
"1150514","11504","7872","登豐","半導體業","80346","87929","101500","-8.624003457334895","-20.841379310344827","323087","311904","3.585398071201395","-"
"1150514","11504","7875","安圖斯","電腦及週邊設備業","159656","281754","103215","-43.33496596321614","54.68294337063411","851984","574591","48.276600225203666","本月因終端客戶專案需求增加，帶動營收成長。"
"1150514","11504","7876","鼎晉生技","生技醫療業","0","0","0","","","0","0","","係屬新藥研發階段，尚無營收&#160;。"
"1150514","11504","7877","海利普","綠能環保","81380","120236","68929","-32.31644432615855","18.063514630997112","397577","314779","26.303533590233148","-"
"1150514","11504","7878","藥祇","生技醫療業","0","0","0","","","0","0","","尚無營收"
"1150514","11504","7879","益材科技","電機機械","13105","31901","19994","-58.919783078900345","-34.455336600980296","98676","123131","-19.860961090220986","本月因出口船期延滯，致使營業收入較低。"
"1150514","11504","7880","聖凰","半導體業","101697","74354","64344","36.774080748850096","58.05203282357329","352840","250848","40.65888506187014","本期當月營收較去年同期增加58.05%。主要為配合客戶建廠進度於台灣及海外設備驗收致營收增加。"
"1150514","11504","7881","科明","生技醫療業","53799","52334","76535","2.7993273971032218","-29.706670150911346","208089","213911","-2.7216926665762866","-"
"1150514","11504","7882","倍利創投","其他","47152","-166845","-49037","128.260960771974","196.15596386402103","-75250","19023","-495.573779109499","營業收入為投資標的之評價損益(含已實現及未實現)，投資標的的股數及公允價值變動情形，請參考本公司網站投資人專區/財務資訊。"
"1150514","11504","7883","饗賓","觀光餐旅","1002713","1035473","817164","-3.163771532430107","22.706457944794437","4588503","3661663","25.311996215927024","-"
"1150514","11504","7885","宏羚","其他電子業","125562","139058","123601","-9.705302823282372","1.5865567430684218","473294","453192","4.435647584246853","-"
"1150514","11504","7886","科建","半導體業","33611","35763","36665","-6.017392276934261","-8.32946952134188","134775","108447","24.27729674403165","-"
"1150514","11504","7887","宇川精材","半導體業","16824","21490","9239","-21.712424383434154","82.09762961359455","64410","33888","90.0672804532578","商品銷售出貨量較去年同期及累積增加"
"1150514","11504","7888","麗寶新藥","生技醫療業","0","0","0","","","0","0","","係屬新藥研發階段，尚無營收。"
"1150514","11504","7889","騰勢","食品工業","80636","80448","74522","0.23369132856006364","8.204288666434072","297819","254727","16.91693460057238","-"
"1150514","11504","7890","明曜科技","綠能環保","37528","55864","25699","-32.82256909637692","46.029028366862526","306533","68553","347.1474625472262","客戶排程需求，進而提升出貨量與營收"
"1150514","11504","7891","博研醫藥","生技醫療業","0","0","0","","","0","0","","無"
"1150514","11504","7892","元鈦科","電腦及週邊設備業","139332","192201","16353","-27.50714096180561","752.0271509814713","608598","31348","1841.4252902896517","主係業績成長。"
"1150514","11504","7893","睿信","電子零組件業","41586","35584","32013","16.86713129496403","29.903476712585512","148824","113612","30.99320494313981","-"
"1150514","11504","7895","元進莊","農業科技","251847","214980","179876","17.149037119732068","40.01145233382997","938610","730102","28.558749325436718","-"
"1150514","11504","7896","喬越","電子零組件業","382842","368592","385344","3.866063289490819","-0.6492899850523169","1364477","1179039","15.72789364898023","-"
"1150514","11504","7897","禾迅綠電","綠能環保","17201","18642","19749","-7.72985731144727","-12.901919084510608","68347","74814","-8.644104044697517","-"
"1150514","11504","7899","景美","半導體業","71063","70822","45417","0.34028974047612326","56.46784243785367","250492","150174","66.80117730099751","-"
"1150514","11504","7901","大大寬頻","通信網路業","78060","77767","74841","0.376766494785706","4.301118370946407","310814","297796","4.371448911335277","-"
"1150514","11504","7902","宇越生醫*","生技醫療業","0","0","0","","","0","0","","無"
"1150514","11504","7904","任開數位","數位雲端","24127","27794","20775","-13.193494998920631","16.134777376654633","97736","62554","56.242606388080695","因整體營收成長所致。"
"1150514","11504","7907","錸恩帕斯","其他","111152","165207","62176","-32.71955788798295","78.76994338651569","504401","428994","17.577635118439886","係因本月投入專案較去年同期增加所致。"
"1150514","11504","7909","鈺祥","半導體業","196295","175247","163634","12.010476641540226","19.959788308053337","677320","521548","29.86724136608711","-"
"1150514","11504","7911","阿波羅電力","綠能環保","221001","0","24400","","805.7418032786885","561529","111786","402.3249780831231","除了綠電交易持續增加外,也新增了強韌電網之表後儲能的工程收入"
"1150514","11504","7912","新聿科","電子零組件業","116604","0","98530","","18.343651679691465","473363","318854","48.45760128460048","客戶需求增加"
"1150514","11504","7915","廌家","通信網路業","104159","0","27165","","283.4308853303884","339435","70776","379.59053916581894","無"
"1150514","11504","7918","創鉅材料","半導體業","700362","0","0","","","2106827","0","","去年同期尚未正式營運，至本年度營收增加100%"
"1150514","11504","7919","禾蒼","光電業","12241","0","34101","","-64.10369197384242","101128","117369","-13.83755506138759","-"
"1150514","11504","8058","耐特","其他電子業","283255","289351","244777","-2.106783802371514","15.719614179436794","976471","857296","13.901266307086468","-"
"1150514","11504","8098","慶康科技","半導體業","67251","62027","53439","8.422138746029955","25.84629203390782","210254","222402","-5.4621810954937455","-"
"1150514","11504","8119","公信","電腦及週邊設備業","55931","101004","68691","-44.624965347907015","-18.57594153528119","263187","259958","1.2421237276790866","-"
"1150514","11504","8298","威睿","資訊服務業","13813","21120","6364","-34.597537878787875","117.049025769956","53667","22662","136.81493248610008","主係軟體及專案服務銷售較去年同期上升所致"
"1150514","11504","8329","台視","文化創意業","73485","89580","89283","-17.967180174146016","-17.694297906656363","327270","322618","1.441953021840071","-"
"1150514","11504","8345","超秦","農業科技","324421","320921","317653","1.0906110849710677","2.130626816053996","1271243","1295760","-1.8920942149780824","-"
"1150514","11504","8359","錢櫃","觀光餐旅","234130","240192","249608","-2.523814281907807","-6.200923047338226","1092429","1164758","-6.209787784243594","-"
"1150514","11504","8458","影一","文化創意業","1335","2062","4077","-35.257032007759456","-67.25533480500368","10749","14666","-26.70803218328106","本月增減變動達50%以上，係因經紀收入較同期減少所致。"
"1150514","11504","8999","台灣積層","其他","136287","133841","144496","1.8275416352238851","-5.681126121138301","523971","588688","-10.993429456690132","-"
"1150514","11504","9957","燁聯","鋼鐵工業","3032170","3264157","3413411","-7.107102997803108","-11.168915785412304","11266425","13527210","-16.712869837904492","-"
